[Happ,0.10%,105MiB / 3.826GiB
redis,0.01%,8.98MiB / 3.826GiB
postgres,0.04%,24.79MiB / 3.826GiB
chatbot-db-1,3.41%,80.96MiB / 3.826GiB
[Happ,0.10%,105MiB / 3.826GiB[K
redis,0.01%,8.98MiB / 3.826GiB[K
postgres,0.04%,24.79MiB / 3.826GiB[K
chatbot-db-1,3.41%,80.96MiB / 3.826GiB[K
[K
[J[Happ,0.10%,105MiB / 3.826GiB
redis,0.01%,8.98MiB / 3.826GiB
postgres,0.04%,24.79MiB / 3.826GiB
chatbot-db-1,3.41%,80.96MiB / 3.826GiB
[Happ,0.10%,105MiB / 3.826GiB[K
redis,0.01%,8.98MiB / 3.826GiB[K
postgres,0.04%,24.79MiB / 3.826GiB[K
chatbot-db-1,3.41%,80.96MiB / 3.826GiB[K
[K
[J[Happ,0.66%,105.1MiB / 3.826GiB
redis,0.34%,8.98MiB / 3.826GiB
postgres,0.04%,24.78MiB / 3.826GiB
chatbot-db-1,0.00%,80.96MiB / 3.826GiB
[Happ,0.66%,105.1MiB / 3.826GiB[K
redis,0.34%,8.98MiB / 3.826GiB[K
postgres,0.04%,24.78MiB / 3.826GiB[K
chatbot-db-1,0.00%,80.96MiB / 3.826GiB[K
[K
[J[Happ,0.66%,105.1MiB / 3.826GiB
redis,0.34%,8.98MiB / 3.826GiB
postgres,0.04%,24.78MiB / 3.826GiB
chatbot-db-1,0.00%,80.96MiB / 3.826GiB
[Happ,0.66%,105.1MiB / 3.826GiB[K
redis,0.34%,8.98MiB / 3.826GiB[K
postgres,0.04%,24.78MiB / 3.826GiB[K
chatbot-db-1,0.00%,80.96MiB / 3.826GiB[K
[K
[J[Happ,0.37%,105MiB / 3.826GiB
redis,0.24%,9.23MiB / 3.826GiB
postgres,0.02%,24.78MiB / 3.826GiB
chatbot-db-1,32.36%,94.48MiB / 3.826GiB
[Happ,0.37%,105MiB / 3.826GiB[K
redis,0.24%,9.23MiB / 3.826GiB[K
postgres,0.02%,24.78MiB / 3.826GiB[K
chatbot-db-1,32.36%,94.48MiB / 3.826GiB[K
[K
[J[Happ,0.37%,105MiB / 3.826GiB
redis,0.24%,9.23MiB / 3.826GiB
postgres,0.02%,24.78MiB / 3.826GiB
chatbot-db-1,32.36%,94.48MiB / 3.826GiB
[Happ,0.37%,105MiB / 3.826GiB[K
redis,0.24%,9.23MiB / 3.826GiB[K
postgres,0.02%,24.78MiB / 3.826GiB[K
chatbot-db-1,32.36%,94.48MiB / 3.826GiB[K
[K
[J[Happ,0.42%,105MiB / 3.826GiB
redis,0.17%,8.98MiB / 3.826GiB
postgres,0.05%,24.78MiB / 3.826GiB
chatbot-db-1,29.77%,81.09MiB / 3.826GiB
[Happ,0.42%,105MiB / 3.826GiB[K
redis,0.17%,8.98MiB / 3.826GiB[K
postgres,0.05%,24.78MiB / 3.826GiB[K
chatbot-db-1,29.77%,81.09MiB / 3.826GiB[K
[K
[J[Happ,0.42%,105MiB / 3.826GiB
redis,0.17%,8.98MiB / 3.826GiB
postgres,0.05%,24.78MiB / 3.826GiB
chatbot-db-1,29.77%,81.09MiB / 3.826GiB
[Happ,0.42%,105MiB / 3.826GiB[K
redis,0.17%,8.98MiB / 3.826GiB[K
postgres,0.05%,24.78MiB / 3.826GiB[K
chatbot-db-1,29.77%,81.09MiB / 3.826GiB[K
[K
[J[Happ,0.46%,105MiB / 3.826GiB
redis,0.23%,9.234MiB / 3.826GiB
postgres,0.04%,24.78MiB / 3.826GiB
chatbot-db-1,0.00%,81.09MiB / 3.826GiB
[Happ,0.46%,105MiB / 3.826GiB[K
redis,0.23%,9.234MiB / 3.826GiB[K
postgres,0.04%,24.78MiB / 3.826GiB[K
chatbot-db-1,0.00%,81.09MiB / 3.826GiB[K
[K
[J[Happ,0.46%,105MiB / 3.826GiB
redis,0.23%,9.234MiB / 3.826GiB
postgres,0.04%,24.78MiB / 3.826GiB
chatbot-db-1,0.00%,81.09MiB / 3.826GiB
[Happ,0.46%,105MiB / 3.826GiB[K
redis,0.23%,9.234MiB / 3.826GiB[K
postgres,0.04%,24.78MiB / 3.826GiB[K
chatbot-db-1,0.00%,81.09MiB / 3.826GiB[K
[K
[J[Happ,0.43%,105MiB / 3.826GiB
redis,0.65%,8.98MiB / 3.826GiB
postgres,1.90%,24.98MiB / 3.826GiB
chatbot-db-1,0.00%,80.96MiB / 3.826GiB
[Happ,0.43%,105MiB / 3.826GiB[K
redis,0.65%,8.98MiB / 3.826GiB[K
postgres,1.90%,24.98MiB / 3.826GiB[K
chatbot-db-1,0.00%,80.96MiB / 3.826GiB[K
[K
[J[Happ,0.43%,105MiB / 3.826GiB
redis,0.65%,8.98MiB / 3.826GiB
postgres,1.90%,24.98MiB / 3.826GiB
chatbot-db-1,0.00%,80.96MiB / 3.826GiB
[Happ,0.43%,105MiB / 3.826GiB[K
redis,0.65%,8.98MiB / 3.826GiB[K
postgres,1.90%,24.98MiB / 3.826GiB[K
chatbot-db-1,0.00%,80.96MiB / 3.826GiB[K
[K
[J[Happ,0.88%,105.1MiB / 3.826GiB
redis,0.22%,8.98MiB / 3.826GiB
postgres,0.04%,24.78MiB / 3.826GiB
chatbot-db-1,0.00%,80.96MiB / 3.826GiB
[Happ,0.88%,105.1MiB / 3.826GiB[K
redis,0.22%,8.98MiB / 3.826GiB[K
postgres,0.04%,24.78MiB / 3.826GiB[K
chatbot-db-1,0.00%,80.96MiB / 3.826GiB[K
[K
[J[Happ,0.88%,105.1MiB / 3.826GiB
redis,0.22%,8.98MiB / 3.826GiB
postgres,0.04%,24.78MiB / 3.826GiB
chatbot-db-1,0.00%,80.96MiB / 3.826GiB
[Happ,0.88%,105.1MiB / 3.826GiB[K
redis,0.22%,8.98MiB / 3.826GiB[K
postgres,0.04%,24.78MiB / 3.826GiB[K
chatbot-db-1,0.00%,80.96MiB / 3.826GiB[K
[K
[J[Happ,0.45%,105MiB / 3.826GiB
redis,0.22%,8.98MiB / 3.826GiB
postgres,0.06%,24.78MiB / 3.826GiB
chatbot-db-1,0.12%,80.96MiB / 3.826GiB
[Happ,0.45%,105MiB / 3.826GiB[K
redis,0.22%,8.98MiB / 3.826GiB[K
postgres,0.06%,24.78MiB / 3.826GiB[K
chatbot-db-1,0.12%,80.96MiB / 3.826GiB[K
[K
[J[Happ,0.45%,105MiB / 3.826GiB
redis,0.22%,8.98MiB / 3.826GiB
postgres,0.06%,24.78MiB / 3.826GiB
chatbot-db-1,0.12%,80.96MiB / 3.826GiB
[Happ,0.45%,105MiB / 3.826GiB[K
redis,0.22%,8.98MiB / 3.826GiB[K
postgres,0.06%,24.78MiB / 3.826GiB[K
chatbot-db-1,0.12%,80.96MiB / 3.826GiB[K
[K
[J[Happ,0.48%,105MiB / 3.826GiB
redis,0.26%,8.98MiB / 3.826GiB
postgres,0.04%,24.78MiB / 3.826GiB
chatbot-db-1,0.00%,80.96MiB / 3.826GiB
[Happ,0.48%,105MiB / 3.826GiB[K
redis,0.26%,8.98MiB / 3.826GiB[K
postgres,0.04%,24.78MiB / 3.826GiB[K
chatbot-db-1,0.00%,80.96MiB / 3.826GiB[K
[K
[J[Happ,0.48%,105MiB / 3.826GiB
redis,0.26%,8.98MiB / 3.826GiB
postgres,0.04%,24.78MiB / 3.826GiB
chatbot-db-1,0.00%,80.96MiB / 3.826GiB
[Happ,0.48%,105MiB / 3.826GiB[K
redis,0.26%,8.98MiB / 3.826GiB[K
postgres,0.04%,24.78MiB / 3.826GiB[K
chatbot-db-1,0.00%,80.96MiB / 3.826GiB[K
[K
[J[Happ,38.21%,106.1MiB / 3.826GiB
redis,0.29%,9.035MiB / 3.826GiB
postgres,9.46%,39.81MiB / 3.826GiB
chatbot-db-1,0.07%,80.96MiB / 3.826GiB
[Happ,38.21%,106.1MiB / 3.826GiB[K
redis,0.29%,9.035MiB / 3.826GiB[K
postgres,9.46%,39.81MiB / 3.826GiB[K
chatbot-db-1,0.07%,80.96MiB / 3.826GiB[K
[K
[J[Happ,38.21%,106.1MiB / 3.826GiB
redis,0.29%,9.035MiB / 3.826GiB
postgres,9.46%,39.81MiB / 3.826GiB
chatbot-db-1,0.07%,80.96MiB / 3.826GiB
[Happ,38.21%,106.1MiB / 3.826GiB[K
redis,0.29%,9.035MiB / 3.826GiB[K
postgres,9.46%,39.81MiB / 3.826GiB[K
chatbot-db-1,0.07%,80.96MiB / 3.826GiB[K
[K
[J[Happ,8.72%,106.5MiB / 3.826GiB
redis,1.00%,9.051MiB / 3.826GiB
postgres,9.43%,40.44MiB / 3.826GiB
chatbot-db-1,0.00%,80.96MiB / 3.826GiB
[Happ,8.72%,106.5MiB / 3.826GiB[K
redis,1.00%,9.051MiB / 3.826GiB[K
postgres,9.43%,40.44MiB / 3.826GiB[K
chatbot-db-1,0.00%,80.96MiB / 3.826GiB[K
[K
[J[Happ,8.72%,106.5MiB / 3.826GiB
redis,1.00%,9.051MiB / 3.826GiB
postgres,9.43%,40.44MiB / 3.826GiB
chatbot-db-1,0.00%,80.96MiB / 3.826GiB
[Happ,8.72%,106.5MiB / 3.826GiB[K
redis,1.00%,9.051MiB / 3.826GiB[K
postgres,9.43%,40.44MiB / 3.826GiB[K
chatbot-db-1,0.00%,80.96MiB / 3.826GiB[K
[K
[J[Happ,17.06%,106.2MiB / 3.826GiB
redis,0.68%,9.059MiB / 3.826GiB
postgres,1.72%,40.54MiB / 3.826GiB
chatbot-db-1,0.00%,80.96MiB / 3.826GiB
[Happ,17.06%,106.2MiB / 3.826GiB[K
redis,0.68%,9.059MiB / 3.826GiB[K
postgres,1.72%,40.54MiB / 3.826GiB[K
chatbot-db-1,0.00%,80.96MiB / 3.826GiB[K
[K
[J[Happ,17.06%,106.2MiB / 3.826GiB
redis,0.68%,9.059MiB / 3.826GiB
postgres,1.72%,40.54MiB / 3.826GiB
chatbot-db-1,0.00%,80.96MiB / 3.826GiB
[Happ,17.06%,106.2MiB / 3.826GiB[K
redis,0.68%,9.059MiB / 3.826GiB[K
postgres,1.72%,40.54MiB / 3.826GiB[K
chatbot-db-1,0.00%,80.96MiB / 3.826GiB[K
[K
[J[Happ,10.49%,106.2MiB / 3.826GiB
redis,0.70%,9.051MiB / 3.826GiB
postgres,1.56%,40.72MiB / 3.826GiB
chatbot-db-1,0.01%,80.96MiB / 3.826GiB
[Happ,10.49%,106.2MiB / 3.826GiB[K
redis,0.70%,9.051MiB / 3.826GiB[K
postgres,1.56%,40.72MiB / 3.826GiB[K
chatbot-db-1,0.01%,80.96MiB / 3.826GiB[K
[K
[J[Happ,10.49%,106.2MiB / 3.826GiB
redis,0.70%,9.051MiB / 3.826GiB
postgres,1.56%,40.72MiB / 3.826GiB
chatbot-db-1,0.01%,80.96MiB / 3.826GiB
[Happ,10.49%,106.2MiB / 3.826GiB[K
redis,0.70%,9.051MiB / 3.826GiB[K
postgres,1.56%,40.72MiB / 3.826GiB[K
chatbot-db-1,0.01%,80.96MiB / 3.826GiB[K
[K
[J[Happ,9.73%,106.3MiB / 3.826GiB
redis,0.70%,9.051MiB / 3.826GiB
postgres,1.07%,40.91MiB / 3.826GiB
chatbot-db-1,29.51%,80.97MiB / 3.826GiB
[Happ,9.73%,106.3MiB / 3.826GiB[K
redis,0.70%,9.051MiB / 3.826GiB[K
postgres,1.07%,40.91MiB / 3.826GiB[K
chatbot-db-1,29.51%,80.97MiB / 3.826GiB[K
[K
[J[Happ,9.73%,106.3MiB / 3.826GiB
redis,0.70%,9.051MiB / 3.826GiB
postgres,1.07%,40.91MiB / 3.826GiB
chatbot-db-1,29.51%,80.97MiB / 3.826GiB
[Happ,9.73%,106.3MiB / 3.826GiB[K
redis,0.70%,9.051MiB / 3.826GiB[K
postgres,1.07%,40.91MiB / 3.826GiB[K
chatbot-db-1,29.51%,80.97MiB / 3.826GiB[K
[K
[J[Happ,7.56%,106.6MiB / 3.826GiB
redis,0.73%,9.051MiB / 3.826GiB
postgres,0.41%,41.02MiB / 3.826GiB
chatbot-db-1,0.00%,80.97MiB / 3.826GiB
[Happ,7.56%,106.6MiB / 3.826GiB[K
redis,0.73%,9.051MiB / 3.826GiB[K
postgres,0.41%,41.02MiB / 3.826GiB[K
chatbot-db-1,0.00%,80.97MiB / 3.826GiB[K
[K
[J[Happ,7.56%,106.6MiB / 3.826GiB
redis,0.73%,9.051MiB / 3.826GiB
postgres,0.41%,41.02MiB / 3.826GiB
chatbot-db-1,0.00%,80.97MiB / 3.826GiB
[Happ,7.56%,106.6MiB / 3.826GiB[K
redis,0.73%,9.051MiB / 3.826GiB[K
postgres,0.41%,41.02MiB / 3.826GiB[K
chatbot-db-1,0.00%,80.97MiB / 3.826GiB[K
[K
[J[Happ,7.51%,106.6MiB / 3.826GiB
redis,1.01%,9.059MiB / 3.826GiB
postgres,2.10%,41.03MiB / 3.826GiB
chatbot-db-1,0.00%,80.97MiB / 3.826GiB
[Happ,7.51%,106.6MiB / 3.826GiB[K
redis,1.01%,9.059MiB / 3.826GiB[K
postgres,2.10%,41.03MiB / 3.826GiB[K
chatbot-db-1,0.00%,80.97MiB / 3.826GiB[K
[K
[J[Happ,7.51%,106.6MiB / 3.826GiB
redis,1.01%,9.059MiB / 3.826GiB
postgres,2.10%,41.03MiB / 3.826GiB
chatbot-db-1,0.00%,80.97MiB / 3.826GiB
[Happ,7.51%,106.6MiB / 3.826GiB[K
redis,1.01%,9.059MiB / 3.826GiB[K
postgres,2.10%,41.03MiB / 3.826GiB[K
chatbot-db-1,0.00%,80.97MiB / 3.826GiB[K
[K
[J[Happ,9.57%,107MiB / 3.826GiB
redis,0.82%,9.059MiB / 3.826GiB
postgres,0.46%,41.02MiB / 3.826GiB
chatbot-db-1,0.00%,80.96MiB / 3.826GiB
[Happ,9.57%,107MiB / 3.826GiB[K
redis,0.82%,9.059MiB / 3.826GiB[K
postgres,0.46%,41.02MiB / 3.826GiB[K
chatbot-db-1,0.00%,80.96MiB / 3.826GiB[K
[K
[J[Happ,9.57%,107MiB / 3.826GiB
redis,0.82%,9.059MiB / 3.826GiB
postgres,0.46%,41.02MiB / 3.826GiB
chatbot-db-1,0.00%,80.96MiB / 3.826GiB
[Happ,9.57%,107MiB / 3.826GiB[K
redis,0.82%,9.059MiB / 3.826GiB[K
postgres,0.46%,41.02MiB / 3.826GiB[K
chatbot-db-1,0.00%,80.96MiB / 3.826GiB[K
[K
[J[Happ,8.02%,106.8MiB / 3.826GiB
redis,0.89%,9.297MiB / 3.826GiB
postgres,0.39%,41.02MiB / 3.826GiB
chatbot-db-1,0.01%,80.96MiB / 3.826GiB
[Happ,8.02%,106.8MiB / 3.826GiB[K
redis,0.89%,9.297MiB / 3.826GiB[K
postgres,0.39%,41.02MiB / 3.826GiB[K
chatbot-db-1,0.01%,80.96MiB / 3.826GiB[K
[K
[J[Happ,8.02%,106.8MiB / 3.826GiB
redis,0.89%,9.297MiB / 3.826GiB
postgres,0.39%,41.02MiB / 3.826GiB
chatbot-db-1,0.01%,80.96MiB / 3.826GiB
[Happ,8.02%,106.8MiB / 3.826GiB[K
redis,0.89%,9.297MiB / 3.826GiB[K
postgres,0.39%,41.02MiB / 3.826GiB[K
chatbot-db-1,0.01%,80.96MiB / 3.826GiB[K
[K
[J[Happ,7.50%,106.3MiB / 3.826GiB
redis,0.73%,9.055MiB / 3.826GiB
postgres,0.46%,41.04MiB / 3.826GiB
chatbot-db-1,0.00%,80.96MiB / 3.826GiB
[Happ,7.50%,106.3MiB / 3.826GiB[K
redis,0.73%,9.055MiB / 3.826GiB[K
postgres,0.46%,41.04MiB / 3.826GiB[K
chatbot-db-1,0.00%,80.96MiB / 3.826GiB[K
[K
[J[Happ,7.50%,106.3MiB / 3.826GiB
redis,0.73%,9.055MiB / 3.826GiB
postgres,0.46%,41.04MiB / 3.826GiB
chatbot-db-1,0.00%,80.96MiB / 3.826GiB
[Happ,7.50%,106.3MiB / 3.826GiB[K
redis,0.73%,9.055MiB / 3.826GiB[K
postgres,0.46%,41.04MiB / 3.826GiB[K
chatbot-db-1,0.00%,80.96MiB / 3.826GiB[K
[K
[J[Happ,8.44%,106.6MiB / 3.826GiB
redis,0.79%,9.301MiB / 3.826GiB
postgres,0.39%,41.05MiB / 3.826GiB
chatbot-db-1,0.03%,80.96MiB / 3.826GiB
[Happ,8.44%,106.6MiB / 3.826GiB[K
redis,0.79%,9.301MiB / 3.826GiB[K
postgres,0.39%,41.05MiB / 3.826GiB[K
chatbot-db-1,0.03%,80.96MiB / 3.826GiB[K
[K
[J[Happ,8.44%,106.6MiB / 3.826GiB
redis,0.79%,9.301MiB / 3.826GiB
postgres,0.39%,41.05MiB / 3.826GiB
chatbot-db-1,0.03%,80.96MiB / 3.826GiB
[Happ,8.44%,106.6MiB / 3.826GiB[K
redis,0.79%,9.301MiB / 3.826GiB[K
postgres,0.39%,41.05MiB / 3.826GiB[K
chatbot-db-1,0.03%,80.96MiB / 3.826GiB[K
[K
[J[Happ,8.38%,106.3MiB / 3.826GiB
redis,1.15%,9.305MiB / 3.826GiB
postgres,2.39%,41.06MiB / 3.826GiB
chatbot-db-1,0.00%,80.96MiB / 3.826GiB
[Happ,8.38%,106.3MiB / 3.826GiB[K
redis,1.15%,9.305MiB / 3.826GiB[K
postgres,2.39%,41.06MiB / 3.826GiB[K
chatbot-db-1,0.00%,80.96MiB / 3.826GiB[K
[K
[J[Happ,8.38%,106.3MiB / 3.826GiB
redis,1.15%,9.305MiB / 3.826GiB
postgres,2.39%,41.06MiB / 3.826GiB
chatbot-db-1,0.00%,80.96MiB / 3.826GiB
[Happ,8.38%,106.3MiB / 3.826GiB[K
redis,1.15%,9.305MiB / 3.826GiB[K
postgres,2.39%,41.06MiB / 3.826GiB[K
chatbot-db-1,0.00%,80.96MiB / 3.826GiB[K
[K
[J[Happ,8.32%,106.7MiB / 3.826GiB
redis,0.71%,9.055MiB / 3.826GiB
postgres,0.41%,41.07MiB / 3.826GiB
chatbot-db-1,0.00%,80.96MiB / 3.826GiB
[Happ,8.32%,106.7MiB / 3.826GiB[K
redis,0.71%,9.055MiB / 3.826GiB[K
postgres,0.41%,41.07MiB / 3.826GiB[K
chatbot-db-1,0.00%,80.96MiB / 3.826GiB[K
[K
[J[Happ,8.32%,106.7MiB / 3.826GiB
redis,0.71%,9.055MiB / 3.826GiB
postgres,0.41%,41.07MiB / 3.826GiB
chatbot-db-1,0.00%,80.96MiB / 3.826GiB
[Happ,8.32%,106.7MiB / 3.826GiB[K
redis,0.71%,9.055MiB / 3.826GiB[K
postgres,0.41%,41.07MiB / 3.826GiB[K
chatbot-db-1,0.00%,80.96MiB / 3.826GiB[K
[K
[J[Happ,8.61%,106.6MiB / 3.826GiB
redis,0.86%,9.055MiB / 3.826GiB
postgres,0.63%,41.12MiB / 3.826GiB
chatbot-db-1,0.01%,80.96MiB / 3.826GiB
[Happ,8.61%,106.6MiB / 3.826GiB[K
redis,0.86%,9.055MiB / 3.826GiB[K
postgres,0.63%,41.12MiB / 3.826GiB[K
chatbot-db-1,0.01%,80.96MiB / 3.826GiB[K
[K
[J[Happ,8.61%,106.6MiB / 3.826GiB
redis,0.86%,9.055MiB / 3.826GiB
postgres,0.63%,41.12MiB / 3.826GiB
chatbot-db-1,0.01%,80.96MiB / 3.826GiB
[Happ,8.61%,106.6MiB / 3.826GiB[K
redis,0.86%,9.055MiB / 3.826GiB[K
postgres,0.63%,41.12MiB / 3.826GiB[K
chatbot-db-1,0.01%,80.96MiB / 3.826GiB[K
[K
[J[Happ,7.95%,107.1MiB / 3.826GiB
redis,0.95%,9.055MiB / 3.826GiB
postgres,0.37%,41.16MiB / 3.826GiB
chatbot-db-1,30.94%,81.08MiB / 3.826GiB
[Happ,7.95%,107.1MiB / 3.826GiB[K
redis,0.95%,9.055MiB / 3.826GiB[K
postgres,0.37%,41.16MiB / 3.826GiB[K
chatbot-db-1,30.94%,81.08MiB / 3.826GiB[K
[K
[J[Happ,7.95%,107.1MiB / 3.826GiB
redis,0.95%,9.055MiB / 3.826GiB
postgres,0.37%,41.16MiB / 3.826GiB
chatbot-db-1,30.94%,81.08MiB / 3.826GiB
[Happ,7.95%,107.1MiB / 3.826GiB[K
redis,0.95%,9.055MiB / 3.826GiB[K
postgres,0.37%,41.16MiB / 3.826GiB[K
chatbot-db-1,30.94%,81.08MiB / 3.826GiB[K
[K
[J[Happ,7.81%,106.3MiB / 3.826GiB
redis,0.91%,9.055MiB / 3.826GiB
postgres,0.33%,41.18MiB / 3.826GiB
chatbot-db-1,0.00%,80.96MiB / 3.826GiB
[Happ,7.81%,106.3MiB / 3.826GiB[K
redis,0.91%,9.055MiB / 3.826GiB[K
postgres,0.33%,41.18MiB / 3.826GiB[K
chatbot-db-1,0.00%,80.96MiB / 3.826GiB[K
[K
[J[Happ,7.81%,106.3MiB / 3.826GiB
redis,0.91%,9.055MiB / 3.826GiB
postgres,0.33%,41.18MiB / 3.826GiB
chatbot-db-1,0.00%,80.96MiB / 3.826GiB
[Happ,7.81%,106.3MiB / 3.826GiB[K
redis,0.91%,9.055MiB / 3.826GiB[K
postgres,0.33%,41.18MiB / 3.826GiB[K
chatbot-db-1,0.00%,80.96MiB / 3.826GiB[K
[K
[J[Happ,8.32%,106.3MiB / 3.826GiB
redis,1.07%,9.059MiB / 3.826GiB
postgres,2.63%,41.19MiB / 3.826GiB
chatbot-db-1,0.00%,80.96MiB / 3.826GiB
[Happ,8.32%,106.3MiB / 3.826GiB[K
redis,1.07%,9.059MiB / 3.826GiB[K
postgres,2.63%,41.19MiB / 3.826GiB[K
chatbot-db-1,0.00%,80.96MiB / 3.826GiB[K
[K
[J[Happ,8.32%,106.3MiB / 3.826GiB
redis,1.07%,9.059MiB / 3.826GiB
postgres,2.63%,41.19MiB / 3.826GiB
chatbot-db-1,0.00%,80.96MiB / 3.826GiB
[Happ,8.32%,106.3MiB / 3.826GiB[K
redis,1.07%,9.059MiB / 3.826GiB[K
postgres,2.63%,41.19MiB / 3.826GiB[K
chatbot-db-1,0.00%,80.96MiB / 3.826GiB[K
[K
[J[Happ,7.13%,106.3MiB / 3.826GiB
redis,0.75%,9.062MiB / 3.826GiB
postgres,0.23%,41.19MiB / 3.826GiB
chatbot-db-1,0.00%,80.96MiB / 3.826GiB
[Happ,7.13%,106.3MiB / 3.826GiB[K
redis,0.75%,9.062MiB / 3.826GiB[K
postgres,0.23%,41.19MiB / 3.826GiB[K
chatbot-db-1,0.00%,80.96MiB / 3.826GiB[K
[K
[J[Happ,7.13%,106.3MiB / 3.826GiB
redis,0.75%,9.062MiB / 3.826GiB
postgres,0.23%,41.19MiB / 3.826GiB
chatbot-db-1,0.00%,80.96MiB / 3.826GiB
[Happ,7.13%,106.3MiB / 3.826GiB[K
redis,0.75%,9.062MiB / 3.826GiB[K
postgres,0.23%,41.19MiB / 3.826GiB[K
chatbot-db-1,0.00%,80.96MiB / 3.826GiB[K
[K
[J[Happ,8.03%,106.6MiB / 3.826GiB
redis,0.84%,9.059MiB / 3.826GiB
postgres,0.31%,41.21MiB / 3.826GiB
chatbot-db-1,0.01%,80.96MiB / 3.826GiB
[Happ,8.03%,106.6MiB / 3.826GiB[K
redis,0.84%,9.059MiB / 3.826GiB[K
postgres,0.31%,41.21MiB / 3.826GiB[K
chatbot-db-1,0.01%,80.96MiB / 3.826GiB[K
[K
[J[Happ,8.03%,106.6MiB / 3.826GiB
redis,0.84%,9.059MiB / 3.826GiB
postgres,0.31%,41.21MiB / 3.826GiB
chatbot-db-1,0.01%,80.96MiB / 3.826GiB
[Happ,8.03%,106.6MiB / 3.826GiB[K
redis,0.84%,9.059MiB / 3.826GiB[K
postgres,0.31%,41.21MiB / 3.826GiB[K
chatbot-db-1,0.01%,80.96MiB / 3.826GiB[K
[K
[J[Happ,8.22%,106.4MiB / 3.826GiB
redis,0.90%,9.062MiB / 3.826GiB
postgres,0.47%,41.19MiB / 3.826GiB
chatbot-db-1,0.00%,80.96MiB / 3.826GiB
[Happ,8.22%,106.4MiB / 3.826GiB[K
redis,0.90%,9.062MiB / 3.826GiB[K
postgres,0.47%,41.19MiB / 3.826GiB[K
chatbot-db-1,0.00%,80.96MiB / 3.826GiB[K
[K
[J[Happ,8.22%,106.4MiB / 3.826GiB
redis,0.90%,9.062MiB / 3.826GiB
postgres,0.47%,41.19MiB / 3.826GiB
chatbot-db-1,0.00%,80.96MiB / 3.826GiB
[Happ,8.22%,106.4MiB / 3.826GiB[K
redis,0.90%,9.062MiB / 3.826GiB[K
postgres,0.47%,41.19MiB / 3.826GiB[K
chatbot-db-1,0.00%,80.96MiB / 3.826GiB[K
[K
[J[Happ,9.05%,106.6MiB / 3.826GiB
redis,1.51%,9.062MiB / 3.826GiB
postgres,1.36%,42MiB / 3.826GiB
chatbot-db-1,0.02%,80.96MiB / 3.826GiB
[Happ,9.05%,106.6MiB / 3.826GiB[K
redis,1.51%,9.062MiB / 3.826GiB[K
postgres,1.36%,42MiB / 3.826GiB[K
chatbot-db-1,0.02%,80.96MiB / 3.826GiB[K
[K
[J[Happ,9.05%,106.6MiB / 3.826GiB
redis,1.51%,9.062MiB / 3.826GiB
postgres,1.36%,42MiB / 3.826GiB
chatbot-db-1,0.02%,80.96MiB / 3.826GiB
[Happ,9.05%,106.6MiB / 3.826GiB[K
redis,1.51%,9.062MiB / 3.826GiB[K
postgres,1.36%,42MiB / 3.826GiB[K
chatbot-db-1,0.02%,80.96MiB / 3.826GiB[K
[K
[J[Happ,7.45%,107.3MiB / 3.826GiB
redis,1.25%,9.062MiB / 3.826GiB
postgres,2.09%,41.75MiB / 3.826GiB
chatbot-db-1,0.00%,80.96MiB / 3.826GiB
[Happ,7.45%,107.3MiB / 3.826GiB[K
redis,1.25%,9.062MiB / 3.826GiB[K
postgres,2.09%,41.75MiB / 3.826GiB[K
chatbot-db-1,0.00%,80.96MiB / 3.826GiB[K
[K
[J[Happ,7.45%,107.3MiB / 3.826GiB
redis,1.25%,9.062MiB / 3.826GiB
postgres,2.09%,41.75MiB / 3.826GiB
chatbot-db-1,0.00%,80.96MiB / 3.826GiB
[Happ,7.45%,107.3MiB / 3.826GiB[K
redis,1.25%,9.062MiB / 3.826GiB[K
postgres,2.09%,41.75MiB / 3.826GiB[K
chatbot-db-1,0.00%,80.96MiB / 3.826GiB[K
[K
[J[Happ,9.62%,106.4MiB / 3.826GiB
redis,0.93%,9.074MiB / 3.826GiB
postgres,0.39%,41.75MiB / 3.826GiB
chatbot-db-1,0.00%,80.96MiB / 3.826GiB
[Happ,9.62%,106.4MiB / 3.826GiB[K
redis,0.93%,9.074MiB / 3.826GiB[K
postgres,0.39%,41.75MiB / 3.826GiB[K
chatbot-db-1,0.00%,80.96MiB / 3.826GiB[K
[K
[J[Happ,9.62%,106.4MiB / 3.826GiB
redis,0.93%,9.074MiB / 3.826GiB
postgres,0.39%,41.75MiB / 3.826GiB
chatbot-db-1,0.00%,80.96MiB / 3.826GiB
[Happ,9.62%,106.4MiB / 3.826GiB[K
redis,0.93%,9.074MiB / 3.826GiB[K
postgres,0.39%,41.75MiB / 3.826GiB[K
chatbot-db-1,0.00%,80.96MiB / 3.826GiB[K
[K
[J[Happ,7.65%,106.6MiB / 3.826GiB
redis,0.72%,9.074MiB / 3.826GiB
postgres,0.44%,41.75MiB / 3.826GiB
chatbot-db-1,0.03%,80.96MiB / 3.826GiB
[Happ,7.65%,106.6MiB / 3.826GiB[K
redis,0.72%,9.074MiB / 3.826GiB[K
postgres,0.44%,41.75MiB / 3.826GiB[K
chatbot-db-1,0.03%,80.96MiB / 3.826GiB[K
[K
[J[Happ,7.65%,106.6MiB / 3.826GiB
redis,0.72%,9.074MiB / 3.826GiB
postgres,0.44%,41.75MiB / 3.826GiB
chatbot-db-1,0.03%,80.96MiB / 3.826GiB
[Happ,7.65%,106.6MiB / 3.826GiB[K
redis,0.72%,9.074MiB / 3.826GiB[K
postgres,0.44%,41.75MiB / 3.826GiB[K
chatbot-db-1,0.03%,80.96MiB / 3.826GiB[K
[K
[J[Happ,9.61%,106.4MiB / 3.826GiB
redis,0.93%,9.082MiB / 3.826GiB
postgres,0.39%,41.75MiB / 3.826GiB
chatbot-db-1,35.27%,81.23MiB / 3.826GiB
[Happ,9.61%,106.4MiB / 3.826GiB[K
redis,0.93%,9.082MiB / 3.826GiB[K
postgres,0.39%,41.75MiB / 3.826GiB[K
chatbot-db-1,35.27%,81.23MiB / 3.826GiB[K
[K
[J[Happ,9.61%,106.4MiB / 3.826GiB
redis,0.93%,9.082MiB / 3.826GiB
postgres,0.39%,41.75MiB / 3.826GiB
chatbot-db-1,35.27%,81.23MiB / 3.826GiB
[Happ,9.61%,106.4MiB / 3.826GiB[K
redis,0.93%,9.082MiB / 3.826GiB[K
postgres,0.39%,41.75MiB / 3.826GiB[K
chatbot-db-1,35.27%,81.23MiB / 3.826GiB[K
[K
[J[Happ,7.41%,106.9MiB / 3.826GiB
redis,0.80%,9.324MiB / 3.826GiB
postgres,0.33%,41.75MiB / 3.826GiB
chatbot-db-1,0.00%,81.02MiB / 3.826GiB
[Happ,7.41%,106.9MiB / 3.826GiB[K
redis,0.80%,9.324MiB / 3.826GiB[K
postgres,0.33%,41.75MiB / 3.826GiB[K
chatbot-db-1,0.00%,81.02MiB / 3.826GiB[K
[K
[J[Happ,7.41%,106.9MiB / 3.826GiB
redis,0.80%,9.324MiB / 3.826GiB
postgres,0.33%,41.75MiB / 3.826GiB
chatbot-db-1,0.00%,81.02MiB / 3.826GiB
[Happ,7.41%,106.9MiB / 3.826GiB[K
redis,0.80%,9.324MiB / 3.826GiB[K
postgres,0.33%,41.75MiB / 3.826GiB[K
chatbot-db-1,0.00%,81.02MiB / 3.826GiB[K
[K
[J[Happ,7.81%,106.9MiB / 3.826GiB
redis,1.03%,9.074MiB / 3.826GiB
postgres,2.12%,41.75MiB / 3.826GiB
chatbot-db-1,0.00%,80.96MiB / 3.826GiB
[Happ,7.81%,106.9MiB / 3.826GiB[K
redis,1.03%,9.074MiB / 3.826GiB[K
postgres,2.12%,41.75MiB / 3.826GiB[K
chatbot-db-1,0.00%,80.96MiB / 3.826GiB[K
[K
[J[Happ,7.81%,106.9MiB / 3.826GiB
redis,1.03%,9.074MiB / 3.826GiB
postgres,2.12%,41.75MiB / 3.826GiB
chatbot-db-1,0.00%,80.96MiB / 3.826GiB
[Happ,7.81%,106.9MiB / 3.826GiB[K
redis,1.03%,9.074MiB / 3.826GiB[K
postgres,2.12%,41.75MiB / 3.826GiB[K
chatbot-db-1,0.00%,80.96MiB / 3.826GiB[K
[K
[J[Happ,7.71%,106.6MiB / 3.826GiB
redis,0.87%,9.074MiB / 3.826GiB
postgres,0.35%,41.75MiB / 3.826GiB
chatbot-db-1,0.00%,80.96MiB / 3.826GiB
[Happ,7.71%,106.6MiB / 3.826GiB[K
redis,0.87%,9.074MiB / 3.826GiB[K
postgres,0.35%,41.75MiB / 3.826GiB[K
chatbot-db-1,0.00%,80.96MiB / 3.826GiB[K
[K
[J[Happ,7.71%,106.6MiB / 3.826GiB
redis,0.87%,9.074MiB / 3.826GiB
postgres,0.35%,41.75MiB / 3.826GiB
chatbot-db-1,0.00%,80.96MiB / 3.826GiB
[Happ,7.71%,106.6MiB / 3.826GiB[K
redis,0.87%,9.074MiB / 3.826GiB[K
postgres,0.35%,41.75MiB / 3.826GiB[K
chatbot-db-1,0.00%,80.96MiB / 3.826GiB[K
[K
[J[Happ,8.37%,106.9MiB / 3.826GiB
redis,1.57%,9.074MiB / 3.826GiB
postgres,0.54%,41.99MiB / 3.826GiB
chatbot-db-1,0.01%,80.96MiB / 3.826GiB
[Happ,8.37%,106.9MiB / 3.826GiB[K
redis,1.57%,9.074MiB / 3.826GiB[K
postgres,0.54%,41.99MiB / 3.826GiB[K
chatbot-db-1,0.01%,80.96MiB / 3.826GiB[K
[K
[J[Happ,8.37%,106.9MiB / 3.826GiB
redis,1.57%,9.074MiB / 3.826GiB
postgres,0.54%,41.99MiB / 3.826GiB
chatbot-db-1,0.01%,80.96MiB / 3.826GiB
[Happ,8.37%,106.9MiB / 3.826GiB[K
redis,1.57%,9.074MiB / 3.826GiB[K
postgres,0.54%,41.99MiB / 3.826GiB[K
chatbot-db-1,0.01%,80.96MiB / 3.826GiB[K
[K
[J[Happ,7.85%,107MiB / 3.826GiB
redis,0.81%,9.074MiB / 3.826GiB
postgres,0.38%,41.75MiB / 3.826GiB
chatbot-db-1,0.00%,80.96MiB / 3.826GiB
[Happ,7.85%,107MiB / 3.826GiB[K
redis,0.81%,9.074MiB / 3.826GiB[K
postgres,0.38%,41.75MiB / 3.826GiB[K
chatbot-db-1,0.00%,80.96MiB / 3.826GiB[K
[K
[J[Happ,7.85%,107MiB / 3.826GiB
redis,0.81%,9.074MiB / 3.826GiB
postgres,0.38%,41.75MiB / 3.826GiB
chatbot-db-1,0.00%,80.96MiB / 3.826GiB
[Happ,7.85%,107MiB / 3.826GiB[K
redis,0.81%,9.074MiB / 3.826GiB[K
postgres,0.38%,41.75MiB / 3.826GiB[K
chatbot-db-1,0.00%,80.96MiB / 3.826GiB[K
[K
[J[Happ,9.34%,107MiB / 3.826GiB
redis,0.83%,9.074MiB / 3.826GiB
postgres,0.46%,41.75MiB / 3.826GiB
chatbot-db-1,0.03%,80.96MiB / 3.826GiB
[Happ,9.34%,107MiB / 3.826GiB[K
redis,0.83%,9.074MiB / 3.826GiB[K
postgres,0.46%,41.75MiB / 3.826GiB[K
chatbot-db-1,0.03%,80.96MiB / 3.826GiB[K
[K
[J[Happ,9.34%,107MiB / 3.826GiB
redis,0.83%,9.074MiB / 3.826GiB
postgres,0.46%,41.75MiB / 3.826GiB
chatbot-db-1,0.03%,80.96MiB / 3.826GiB
[Happ,9.34%,107MiB / 3.826GiB[K
redis,0.83%,9.074MiB / 3.826GiB[K
postgres,0.46%,41.75MiB / 3.826GiB[K
chatbot-db-1,0.03%,80.96MiB / 3.826GiB[K
[K
[J[Happ,11.28%,106.7MiB / 3.826GiB
redis,1.51%,9.098MiB / 3.826GiB
postgres,2.86%,41.75MiB / 3.826GiB
chatbot-db-1,0.00%,80.96MiB / 3.826GiB
[Happ,11.28%,106.7MiB / 3.826GiB[K
redis,1.51%,9.098MiB / 3.826GiB[K
postgres,2.86%,41.75MiB / 3.826GiB[K
chatbot-db-1,0.00%,80.96MiB / 3.826GiB[K
[K
[J[Happ,11.28%,106.7MiB / 3.826GiB
redis,1.51%,9.098MiB / 3.826GiB
postgres,2.86%,41.75MiB / 3.826GiB
chatbot-db-1,0.00%,80.96MiB / 3.826GiB
[Happ,11.28%,106.7MiB / 3.826GiB[K
redis,1.51%,9.098MiB / 3.826GiB[K
postgres,2.86%,41.75MiB / 3.826GiB[K
chatbot-db-1,0.00%,80.96MiB / 3.826GiB[K
[K
[J[Happ,11.31%,107.3MiB / 3.826GiB
redis,1.19%,9.098MiB / 3.826GiB
postgres,0.60%,41.75MiB / 3.826GiB
chatbot-db-1,0.00%,80.96MiB / 3.826GiB
[Happ,11.31%,107.3MiB / 3.826GiB[K
redis,1.19%,9.098MiB / 3.826GiB[K
postgres,0.60%,41.75MiB / 3.826GiB[K
chatbot-db-1,0.00%,80.96MiB / 3.826GiB[K
[K
[J[Happ,11.31%,107.3MiB / 3.826GiB
redis,1.19%,9.098MiB / 3.826GiB
postgres,0.60%,41.75MiB / 3.826GiB
chatbot-db-1,0.00%,80.96MiB / 3.826GiB
[Happ,11.31%,107.3MiB / 3.826GiB[K
redis,1.19%,9.098MiB / 3.826GiB[K
postgres,0.60%,41.75MiB / 3.826GiB[K
chatbot-db-1,0.00%,80.96MiB / 3.826GiB[K
[K
[J[Happ,12.70%,107.8MiB / 3.826GiB
redis,1.31%,9.121MiB / 3.826GiB
postgres,0.47%,41.75MiB / 3.826GiB
chatbot-db-1,0.01%,80.96MiB / 3.826GiB
[Happ,12.70%,107.8MiB / 3.826GiB[K
redis,1.31%,9.121MiB / 3.826GiB[K
postgres,0.47%,41.75MiB / 3.826GiB[K
chatbot-db-1,0.01%,80.96MiB / 3.826GiB[K
[K
[J[Happ,12.70%,107.8MiB / 3.826GiB
redis,1.31%,9.121MiB / 3.826GiB
postgres,0.47%,41.75MiB / 3.826GiB
chatbot-db-1,0.01%,80.96MiB / 3.826GiB
[Happ,12.70%,107.8MiB / 3.826GiB[K
redis,1.31%,9.121MiB / 3.826GiB[K
postgres,0.47%,41.75MiB / 3.826GiB[K
chatbot-db-1,0.01%,80.96MiB / 3.826GiB[K
[K
[J[Happ,14.16%,107.4MiB / 3.826GiB
redis,1.33%,9.117MiB / 3.826GiB
postgres,0.49%,41.75MiB / 3.826GiB
chatbot-db-1,5.85%,91.61MiB / 3.826GiB
[Happ,14.16%,107.4MiB / 3.826GiB[K
redis,1.33%,9.117MiB / 3.826GiB[K
postgres,0.49%,41.75MiB / 3.826GiB[K
chatbot-db-1,5.85%,91.61MiB / 3.826GiB[K
[K
[J[Happ,14.16%,107.4MiB / 3.826GiB
redis,1.33%,9.117MiB / 3.826GiB
postgres,0.49%,41.75MiB / 3.826GiB
chatbot-db-1,5.85%,91.61MiB / 3.826GiB
[Happ,14.16%,107.4MiB / 3.826GiB[K
redis,1.33%,9.117MiB / 3.826GiB[K
postgres,0.49%,41.75MiB / 3.826GiB[K
chatbot-db-1,5.85%,91.61MiB / 3.826GiB[K
[K
[J[Happ,14.39%,107.4MiB / 3.826GiB
redis,1.40%,9.113MiB / 3.826GiB
postgres,0.83%,41.76MiB / 3.826GiB
chatbot-db-1,24.12%,80.97MiB / 3.826GiB
[Happ,14.39%,107.4MiB / 3.826GiB[K
redis,1.40%,9.113MiB / 3.826GiB[K
postgres,0.83%,41.76MiB / 3.826GiB[K
chatbot-db-1,24.12%,80.97MiB / 3.826GiB[K
[K
[J[Happ,14.39%,107.4MiB / 3.826GiB
redis,1.40%,9.113MiB / 3.826GiB
postgres,0.83%,41.76MiB / 3.826GiB
chatbot-db-1,24.12%,80.97MiB / 3.826GiB
[Happ,14.39%,107.4MiB / 3.826GiB[K
redis,1.40%,9.113MiB / 3.826GiB[K
postgres,0.83%,41.76MiB / 3.826GiB[K
chatbot-db-1,24.12%,80.97MiB / 3.826GiB[K
[K
[J[Happ,14.42%,107.4MiB / 3.826GiB
redis,1.86%,9.117MiB / 3.826GiB
postgres,2.62%,41.76MiB / 3.826GiB
chatbot-db-1,0.00%,80.96MiB / 3.826GiB
[Happ,14.42%,107.4MiB / 3.826GiB[K
redis,1.86%,9.117MiB / 3.826GiB[K
postgres,2.62%,41.76MiB / 3.826GiB[K
chatbot-db-1,0.00%,80.96MiB / 3.826GiB[K
[K
[J[Happ,14.42%,107.4MiB / 3.826GiB
redis,1.86%,9.117MiB / 3.826GiB
postgres,2.62%,41.76MiB / 3.826GiB
chatbot-db-1,0.00%,80.96MiB / 3.826GiB
[Happ,14.42%,107.4MiB / 3.826GiB[K
redis,1.86%,9.117MiB / 3.826GiB[K
postgres,2.62%,41.76MiB / 3.826GiB[K
chatbot-db-1,0.00%,80.96MiB / 3.826GiB[K
[K
[J[Happ,13.57%,107.9MiB / 3.826GiB
redis,1.36%,9.121MiB / 3.826GiB
postgres,0.68%,41.75MiB / 3.826GiB
chatbot-db-1,0.01%,80.96MiB / 3.826GiB
[Happ,13.57%,107.9MiB / 3.826GiB[K
redis,1.36%,9.121MiB / 3.826GiB[K
postgres,0.68%,41.75MiB / 3.826GiB[K
chatbot-db-1,0.01%,80.96MiB / 3.826GiB[K
[K
[J[Happ,13.57%,107.9MiB / 3.826GiB
redis,1.36%,9.121MiB / 3.826GiB
postgres,0.68%,41.75MiB / 3.826GiB
chatbot-db-1,0.01%,80.96MiB / 3.826GiB
[Happ,13.57%,107.9MiB / 3.826GiB[K
redis,1.36%,9.121MiB / 3.826GiB[K
postgres,0.68%,41.75MiB / 3.826GiB[K
chatbot-db-1,0.01%,80.96MiB / 3.826GiB[K
[K
[J[Happ,14.59%,107.6MiB / 3.826GiB
redis,1.47%,9.117MiB / 3.826GiB
postgres,0.68%,41.76MiB / 3.826GiB
chatbot-db-1,0.00%,80.96MiB / 3.826GiB
[Happ,14.59%,107.6MiB / 3.826GiB[K
redis,1.47%,9.117MiB / 3.826GiB[K
postgres,0.68%,41.76MiB / 3.826GiB[K
chatbot-db-1,0.00%,80.96MiB / 3.826GiB[K
[K
[J[Happ,14.59%,107.6MiB / 3.826GiB
redis,1.47%,9.117MiB / 3.826GiB
postgres,0.68%,41.76MiB / 3.826GiB
chatbot-db-1,0.00%,80.96MiB / 3.826GiB
[Happ,14.59%,107.6MiB / 3.826GiB[K
redis,1.47%,9.117MiB / 3.826GiB[K
postgres,0.68%,41.76MiB / 3.826GiB[K
chatbot-db-1,0.00%,80.96MiB / 3.826GiB[K
[K
[J[Happ,13.42%,107.9MiB / 3.826GiB
redis,1.50%,9.121MiB / 3.826GiB
postgres,0.59%,41.76MiB / 3.826GiB
chatbot-db-1,0.00%,80.96MiB / 3.826GiB
[Happ,13.42%,107.9MiB / 3.826GiB[K
redis,1.50%,9.121MiB / 3.826GiB[K
postgres,0.59%,41.76MiB / 3.826GiB[K
chatbot-db-1,0.00%,80.96MiB / 3.826GiB[K
[K
[J[Happ,13.42%,107.9MiB / 3.826GiB
redis,1.50%,9.121MiB / 3.826GiB
postgres,0.59%,41.76MiB / 3.826GiB
chatbot-db-1,0.00%,80.96MiB / 3.826GiB
[Happ,13.42%,107.9MiB / 3.826GiB[K
redis,1.50%,9.121MiB / 3.826GiB[K
postgres,0.59%,41.76MiB / 3.826GiB[K
chatbot-db-1,0.00%,80.96MiB / 3.826GiB[K
[K
[J[Happ,13.98%,107.2MiB / 3.826GiB
redis,1.39%,9.121MiB / 3.826GiB
postgres,1.59%,42.27MiB / 3.826GiB
chatbot-db-1,0.19%,80.96MiB / 3.826GiB
[Happ,13.98%,107.2MiB / 3.826GiB[K
redis,1.39%,9.121MiB / 3.826GiB[K
postgres,1.59%,42.27MiB / 3.826GiB[K
chatbot-db-1,0.19%,80.96MiB / 3.826GiB[K
[K
[J[Happ,13.98%,107.2MiB / 3.826GiB
redis,1.39%,9.121MiB / 3.826GiB
postgres,1.59%,42.27MiB / 3.826GiB
chatbot-db-1,0.19%,80.96MiB / 3.826GiB
[Happ,13.98%,107.2MiB / 3.826GiB[K
redis,1.39%,9.121MiB / 3.826GiB[K
postgres,1.59%,42.27MiB / 3.826GiB[K
chatbot-db-1,0.19%,80.96MiB / 3.826GiB[K
[K
[J[Happ,13.23%,107.5MiB / 3.826GiB
redis,1.84%,9.117MiB / 3.826GiB
postgres,2.52%,42.09MiB / 3.826GiB
chatbot-db-1,0.00%,80.96MiB / 3.826GiB
[Happ,13.23%,107.5MiB / 3.826GiB[K
redis,1.84%,9.117MiB / 3.826GiB[K
postgres,2.52%,42.09MiB / 3.826GiB[K
chatbot-db-1,0.00%,80.96MiB / 3.826GiB[K
[K
[J[Happ,13.23%,107.5MiB / 3.826GiB
redis,1.84%,9.117MiB / 3.826GiB
postgres,2.52%,42.09MiB / 3.826GiB
chatbot-db-1,0.00%,80.96MiB / 3.826GiB
[Happ,13.23%,107.5MiB / 3.826GiB[K
redis,1.84%,9.117MiB / 3.826GiB[K
postgres,2.52%,42.09MiB / 3.826GiB[K
chatbot-db-1,0.00%,80.96MiB / 3.826GiB[K
[K
[J[Happ,14.20%,107.4MiB / 3.826GiB
redis,1.45%,9.125MiB / 3.826GiB
postgres,0.77%,42.09MiB / 3.826GiB
chatbot-db-1,0.01%,80.96MiB / 3.826GiB
[Happ,14.20%,107.4MiB / 3.826GiB[K
redis,1.45%,9.125MiB / 3.826GiB[K
postgres,0.77%,42.09MiB / 3.826GiB[K
chatbot-db-1,0.01%,80.96MiB / 3.826GiB[K
[K
[J[Happ,14.20%,107.4MiB / 3.826GiB
redis,1.45%,9.125MiB / 3.826GiB
postgres,0.77%,42.09MiB / 3.826GiB
chatbot-db-1,0.01%,80.96MiB / 3.826GiB
[Happ,14.20%,107.4MiB / 3.826GiB[K
redis,1.45%,9.125MiB / 3.826GiB[K
postgres,0.77%,42.09MiB / 3.826GiB[K
chatbot-db-1,0.01%,80.96MiB / 3.826GiB[K
[K
[J[Happ,13.09%,107.5MiB / 3.826GiB
redis,1.47%,9.117MiB / 3.826GiB
postgres,0.77%,42.09MiB / 3.826GiB
chatbot-db-1,0.00%,80.96MiB / 3.826GiB
[Happ,13.09%,107.5MiB / 3.826GiB[K
redis,1.47%,9.117MiB / 3.826GiB[K
postgres,0.77%,42.09MiB / 3.826GiB[K
chatbot-db-1,0.00%,80.96MiB / 3.826GiB[K
[K
[J[Happ,13.09%,107.5MiB / 3.826GiB
redis,1.47%,9.117MiB / 3.826GiB
postgres,0.68%,42.09MiB / 3.826GiB
chatbot-db-1,0.00%,80.96MiB / 3.826GiB
[Happ,13.09%,107.5MiB / 3.826GiB[K
redis,1.47%,9.117MiB / 3.826GiB[K
postgres,0.68%,42.09MiB / 3.826GiB[K
chatbot-db-1,0.00%,80.96MiB / 3.826GiB[K
[K
[J[Happ,13.09%,107.5MiB / 3.826GiB
redis,1.47%,9.117MiB / 3.826GiB
postgres,0.68%,42.09MiB / 3.826GiB
chatbot-db-1,0.00%,80.96MiB / 3.826GiB
[Happ,13.09%,107.5MiB / 3.826GiB[K
redis,1.47%,9.117MiB / 3.826GiB[K
postgres,0.68%,42.09MiB / 3.826GiB[K
chatbot-db-1,0.00%,80.96MiB / 3.826GiB[K
[K
[J[Happ,13.62%,107.5MiB / 3.826GiB
redis,1.35%,9.117MiB / 3.826GiB
postgres,0.49%,42.09MiB / 3.826GiB
chatbot-db-1,5.50%,80.97MiB / 3.826GiB
[Happ,13.62%,107.5MiB / 3.826GiB[K
redis,1.35%,9.117MiB / 3.826GiB[K
postgres,0.49%,42.09MiB / 3.826GiB[K
chatbot-db-1,5.50%,80.97MiB / 3.826GiB[K
[K
[J[Happ,13.62%,107.5MiB / 3.826GiB
redis,1.35%,9.117MiB / 3.826GiB
postgres,0.49%,42.09MiB / 3.826GiB
chatbot-db-1,5.50%,80.97MiB / 3.826GiB
[Happ,13.62%,107.5MiB / 3.826GiB[K
redis,1.35%,9.117MiB / 3.826GiB[K
postgres,0.49%,42.09MiB / 3.826GiB[K
chatbot-db-1,5.50%,80.97MiB / 3.826GiB[K
[K
[J[Happ,13.37%,107.5MiB / 3.826GiB
redis,1.36%,9.117MiB / 3.826GiB
postgres,0.60%,42.09MiB / 3.826GiB
chatbot-db-1,30.04%,80.98MiB / 3.826GiB
[Happ,13.37%,107.5MiB / 3.826GiB[K
redis,1.36%,9.117MiB / 3.826GiB[K
postgres,0.60%,42.09MiB / 3.826GiB[K
chatbot-db-1,30.04%,80.98MiB / 3.826GiB[K
[K
[J[Happ,13.37%,107.5MiB / 3.826GiB
redis,1.36%,9.117MiB / 3.826GiB
postgres,0.60%,42.09MiB / 3.826GiB
chatbot-db-1,30.04%,80.98MiB / 3.826GiB
[Happ,13.37%,107.5MiB / 3.826GiB[K
redis,1.36%,9.117MiB / 3.826GiB[K
postgres,0.60%,42.09MiB / 3.826GiB[K
chatbot-db-1,30.04%,80.98MiB / 3.826GiB[K
[K
[J[Happ,14.06%,107.4MiB / 3.826GiB
redis,1.70%,9.125MiB / 3.826GiB
postgres,2.47%,42.17MiB / 3.826GiB
chatbot-db-1,0.00%,80.98MiB / 3.826GiB
[Happ,14.06%,107.4MiB / 3.826GiB[K
redis,1.70%,9.125MiB / 3.826GiB[K
postgres,2.47%,42.17MiB / 3.826GiB[K
chatbot-db-1,0.00%,80.98MiB / 3.826GiB[K
[K
[J[Happ,14.06%,107.4MiB / 3.826GiB
redis,1.70%,9.125MiB / 3.826GiB
postgres,2.47%,42.17MiB / 3.826GiB
chatbot-db-1,0.00%,80.98MiB / 3.826GiB
[Happ,14.06%,107.4MiB / 3.826GiB[K
redis,1.70%,9.125MiB / 3.826GiB[K
postgres,2.47%,42.17MiB / 3.826GiB[K
chatbot-db-1,0.00%,80.98MiB / 3.826GiB[K
[K
[J[Happ,14.09%,107.6MiB / 3.826GiB
redis,1.46%,9.367MiB / 3.826GiB
postgres,0.73%,42.2MiB / 3.826GiB
chatbot-db-1,0.03%,80.96MiB / 3.826GiB
[Happ,14.09%,107.6MiB / 3.826GiB[K
redis,1.46%,9.367MiB / 3.826GiB[K
postgres,0.73%,42.2MiB / 3.826GiB[K
chatbot-db-1,0.03%,80.96MiB / 3.826GiB[K
[K
[J[Happ,14.09%,107.6MiB / 3.826GiB
redis,1.46%,9.367MiB / 3.826GiB
postgres,0.73%,42.2MiB / 3.826GiB
chatbot-db-1,0.03%,80.96MiB / 3.826GiB
[Happ,14.09%,107.6MiB / 3.826GiB[K
redis,1.46%,9.367MiB / 3.826GiB[K
postgres,0.73%,42.2MiB / 3.826GiB[K
chatbot-db-1,0.03%,80.96MiB / 3.826GiB[K
[K
[J[Happ,13.59%,107.9MiB / 3.826GiB
redis,1.52%,9.121MiB / 3.826GiB
postgres,0.44%,42.2MiB / 3.826GiB
chatbot-db-1,0.00%,80.96MiB / 3.826GiB
[Happ,13.59%,107.9MiB / 3.826GiB[K
redis,1.52%,9.121MiB / 3.826GiB[K
postgres,0.44%,42.2MiB / 3.826GiB[K
chatbot-db-1,0.00%,80.96MiB / 3.826GiB[K
[K
[J[Happ,13.59%,107.9MiB / 3.826GiB
redis,1.52%,9.121MiB / 3.826GiB
postgres,0.44%,42.2MiB / 3.826GiB
chatbot-db-1,0.00%,80.96MiB / 3.826GiB
[Happ,13.59%,107.9MiB / 3.826GiB[K
redis,1.52%,9.121MiB / 3.826GiB[K
postgres,0.44%,42.2MiB / 3.826GiB[K
chatbot-db-1,0.00%,80.96MiB / 3.826GiB[K
[K
[J[Happ,13.77%,107.2MiB / 3.826GiB
redis,1.30%,9.121MiB / 3.826GiB
postgres,0.77%,42.2MiB / 3.826GiB
chatbot-db-1,0.00%,80.96MiB / 3.826GiB
[Happ,13.77%,107.2MiB / 3.826GiB[K
redis,1.30%,9.121MiB / 3.826GiB[K
postgres,0.77%,42.2MiB / 3.826GiB[K
chatbot-db-1,0.00%,80.96MiB / 3.826GiB[K
[K
[J[Happ,13.77%,107.2MiB / 3.826GiB
redis,1.30%,9.121MiB / 3.826GiB
postgres,0.77%,42.2MiB / 3.826GiB
chatbot-db-1,0.00%,80.96MiB / 3.826GiB
[Happ,13.77%,107.2MiB / 3.826GiB[K
redis,1.30%,9.121MiB / 3.826GiB[K
postgres,0.77%,42.2MiB / 3.826GiB[K
chatbot-db-1,0.00%,80.96MiB / 3.826GiB[K
[K
[J[Happ,14.67%,107.2MiB / 3.826GiB
redis,1.45%,9.125MiB / 3.826GiB
postgres,0.72%,42.2MiB / 3.826GiB
chatbot-db-1,0.04%,80.96MiB / 3.826GiB
[Happ,14.67%,107.2MiB / 3.826GiB[K
redis,1.45%,9.125MiB / 3.826GiB[K
postgres,0.72%,42.2MiB / 3.826GiB[K
chatbot-db-1,0.04%,80.96MiB / 3.826GiB[K
[K
[J[Happ,14.67%,107.2MiB / 3.826GiB
redis,1.45%,9.125MiB / 3.826GiB
postgres,0.72%,42.2MiB / 3.826GiB
chatbot-db-1,0.04%,80.96MiB / 3.826GiB
[Happ,14.67%,107.2MiB / 3.826GiB[K
redis,1.45%,9.125MiB / 3.826GiB[K
postgres,0.72%,42.2MiB / 3.826GiB[K
chatbot-db-1,0.04%,80.96MiB / 3.826GiB[K
[K
[J[Happ,15.45%,108MiB / 3.826GiB
redis,2.12%,9.121MiB / 3.826GiB
postgres,3.15%,42.22MiB / 3.826GiB
chatbot-db-1,0.00%,80.96MiB / 3.826GiB
[Happ,15.45%,108MiB / 3.826GiB[K
redis,2.12%,9.121MiB / 3.826GiB[K
postgres,3.15%,42.22MiB / 3.826GiB[K
chatbot-db-1,0.00%,80.96MiB / 3.826GiB[K
[K
[J[Happ,15.45%,108MiB / 3.826GiB
redis,2.12%,9.121MiB / 3.826GiB
postgres,3.15%,42.22MiB / 3.826GiB
chatbot-db-1,0.00%,80.96MiB / 3.826GiB
[Happ,15.45%,108MiB / 3.826GiB[K
redis,2.12%,9.121MiB / 3.826GiB[K
postgres,3.15%,42.22MiB / 3.826GiB[K
chatbot-db-1,0.00%,80.96MiB / 3.826GiB[K
[K
[J[Happ,13.57%,107.5MiB / 3.826GiB
redis,1.42%,9.117MiB / 3.826GiB
postgres,0.68%,42.21MiB / 3.826GiB
chatbot-db-1,0.01%,80.96MiB / 3.826GiB
[Happ,13.57%,107.5MiB / 3.826GiB[K
redis,1.42%,9.117MiB / 3.826GiB[K
postgres,0.68%,42.21MiB / 3.826GiB[K
chatbot-db-1,0.01%,80.96MiB / 3.826GiB[K
[K
[J[Happ,13.57%,107.5MiB / 3.826GiB
redis,1.42%,9.117MiB / 3.826GiB
postgres,0.68%,42.21MiB / 3.826GiB
chatbot-db-1,0.01%,80.96MiB / 3.826GiB
[Happ,13.57%,107.5MiB / 3.826GiB[K
redis,1.42%,9.117MiB / 3.826GiB[K
postgres,0.68%,42.21MiB / 3.826GiB[K
chatbot-db-1,0.01%,80.96MiB / 3.826GiB[K
[K
[J[Happ,13.91%,107.4MiB / 3.826GiB
redis,1.36%,9.117MiB / 3.826GiB
postgres,0.67%,42.2MiB / 3.826GiB
chatbot-db-1,0.00%,80.96MiB / 3.826GiB
[Happ,13.91%,107.4MiB / 3.826GiB[K
redis,1.36%,9.117MiB / 3.826GiB[K
postgres,0.67%,42.2MiB / 3.826GiB[K
chatbot-db-1,0.00%,80.96MiB / 3.826GiB[K
[K
[J[Happ,13.91%,107.4MiB / 3.826GiB
redis,1.36%,9.117MiB / 3.826GiB
postgres,0.67%,42.2MiB / 3.826GiB
chatbot-db-1,0.00%,80.96MiB / 3.826GiB
[Happ,13.91%,107.4MiB / 3.826GiB[K
redis,1.36%,9.117MiB / 3.826GiB[K
postgres,0.67%,42.2MiB / 3.826GiB[K
chatbot-db-1,0.00%,80.96MiB / 3.826GiB[K
[K
[J[Happ,12.61%,107.5MiB / 3.826GiB
redis,1.41%,9.121MiB / 3.826GiB
postgres,0.61%,42.2MiB / 3.826GiB
chatbot-db-1,0.00%,80.96MiB / 3.826GiB
[Happ,12.61%,107.5MiB / 3.826GiB[K
redis,1.41%,9.121MiB / 3.826GiB[K
postgres,0.61%,42.2MiB / 3.826GiB[K
chatbot-db-1,0.00%,80.96MiB / 3.826GiB[K
[K
[J[Happ,12.61%,107.5MiB / 3.826GiB
redis,1.41%,9.121MiB / 3.826GiB
postgres,0.61%,42.2MiB / 3.826GiB
chatbot-db-1,0.00%,80.96MiB / 3.826GiB
[Happ,12.61%,107.5MiB / 3.826GiB[K
redis,1.41%,9.121MiB / 3.826GiB[K
postgres,0.61%,42.2MiB / 3.826GiB[K
chatbot-db-1,0.00%,80.96MiB / 3.826GiB[K
[K
[J[Happ,14.17%,107.5MiB / 3.826GiB
redis,1.42%,9.121MiB / 3.826GiB
postgres,0.59%,42.2MiB / 3.826GiB
chatbot-db-1,29.31%,80.97MiB / 3.826GiB
[Happ,14.17%,107.5MiB / 3.826GiB[K
redis,1.42%,9.121MiB / 3.826GiB[K
postgres,0.59%,42.2MiB / 3.826GiB[K
chatbot-db-1,29.31%,80.97MiB / 3.826GiB[K
[K
[J[Happ,14.17%,107.5MiB / 3.826GiB
redis,1.42%,9.121MiB / 3.826GiB
postgres,0.59%,42.2MiB / 3.826GiB
chatbot-db-1,29.31%,80.97MiB / 3.826GiB
[Happ,14.17%,107.5MiB / 3.826GiB[K
redis,1.42%,9.121MiB / 3.826GiB[K
postgres,0.59%,42.2MiB / 3.826GiB[K
chatbot-db-1,29.31%,80.97MiB / 3.826GiB[K
[K
[J[Happ,13.97%,107.2MiB / 3.826GiB
redis,2.21%,9.117MiB / 3.826GiB
postgres,4.21%,42.21MiB / 3.826GiB
chatbot-db-1,0.00%,80.97MiB / 3.826GiB
[Happ,13.97%,107.2MiB / 3.826GiB[K
redis,2.21%,9.117MiB / 3.826GiB[K
postgres,4.21%,42.21MiB / 3.826GiB[K
chatbot-db-1,0.00%,80.97MiB / 3.826GiB[K
[K
[J[Happ,13.97%,107.2MiB / 3.826GiB
redis,2.21%,9.117MiB / 3.826GiB
postgres,4.21%,42.21MiB / 3.826GiB
chatbot-db-1,0.00%,80.97MiB / 3.826GiB
[Happ,13.97%,107.2MiB / 3.826GiB[K
redis,2.21%,9.117MiB / 3.826GiB[K
postgres,4.21%,42.21MiB / 3.826GiB[K
chatbot-db-1,0.00%,80.97MiB / 3.826GiB[K
[K
[J[Happ,12.89%,107.9MiB / 3.826GiB
redis,1.37%,9.117MiB / 3.826GiB
postgres,0.64%,42.2MiB / 3.826GiB
chatbot-db-1,0.01%,80.96MiB / 3.826GiB
[Happ,12.89%,107.9MiB / 3.826GiB[K
redis,1.37%,9.117MiB / 3.826GiB[K
postgres,0.64%,42.2MiB / 3.826GiB[K
chatbot-db-1,0.01%,80.96MiB / 3.826GiB[K
[K
[J[Happ,12.89%,107.9MiB / 3.826GiB
redis,1.37%,9.117MiB / 3.826GiB
postgres,0.64%,42.2MiB / 3.826GiB
chatbot-db-1,0.01%,80.96MiB / 3.826GiB
[Happ,12.89%,107.9MiB / 3.826GiB[K
redis,1.37%,9.117MiB / 3.826GiB[K
postgres,0.64%,42.2MiB / 3.826GiB[K
chatbot-db-1,0.01%,80.96MiB / 3.826GiB[K
[K
[J[Happ,14.71%,107.7MiB / 3.826GiB
redis,1.43%,9.121MiB / 3.826GiB
postgres,0.51%,42.21MiB / 3.826GiB
chatbot-db-1,0.00%,80.96MiB / 3.826GiB
[Happ,14.71%,107.7MiB / 3.826GiB[K
redis,1.43%,9.121MiB / 3.826GiB[K
postgres,0.51%,42.21MiB / 3.826GiB[K
chatbot-db-1,0.00%,80.96MiB / 3.826GiB[K
[K
[J[Happ,14.71%,107.7MiB / 3.826GiB
redis,1.43%,9.121MiB / 3.826GiB
postgres,0.51%,42.21MiB / 3.826GiB
chatbot-db-1,0.00%,80.96MiB / 3.826GiB
[Happ,14.71%,107.7MiB / 3.826GiB[K
redis,1.43%,9.121MiB / 3.826GiB[K
postgres,0.51%,42.21MiB / 3.826GiB[K
chatbot-db-1,0.00%,80.96MiB / 3.826GiB[K
[K
[J[Happ,13.63%,107.8MiB / 3.826GiB
redis,1.31%,9.121MiB / 3.826GiB
postgres,0.88%,42.22MiB / 3.826GiB
chatbot-db-1,0.00%,80.96MiB / 3.826GiB
[Happ,13.63%,107.8MiB / 3.826GiB[K
redis,1.31%,9.121MiB / 3.826GiB[K
postgres,0.88%,42.22MiB / 3.826GiB[K
chatbot-db-1,0.00%,80.96MiB / 3.826GiB[K
[K
[J[Happ,13.63%,107.8MiB / 3.826GiB
redis,1.31%,9.121MiB / 3.826GiB
postgres,0.88%,42.22MiB / 3.826GiB
chatbot-db-1,0.00%,80.96MiB / 3.826GiB
[Happ,13.63%,107.8MiB / 3.826GiB[K
redis,1.31%,9.121MiB / 3.826GiB[K
postgres,0.88%,42.22MiB / 3.826GiB[K
chatbot-db-1,0.00%,80.96MiB / 3.826GiB[K
[K
[J[Happ,18.74%,107.7MiB / 3.826GiB
redis,1.77%,9.121MiB / 3.826GiB
postgres,2.52%,42.27MiB / 3.826GiB
chatbot-db-1,0.02%,80.96MiB / 3.826GiB
[Happ,18.74%,107.7MiB / 3.826GiB[K
redis,1.77%,9.121MiB / 3.826GiB[K
postgres,2.52%,42.27MiB / 3.826GiB[K
chatbot-db-1,0.02%,80.96MiB / 3.826GiB[K
[K
[J[Happ,18.74%,107.7MiB / 3.826GiB
redis,1.77%,9.121MiB / 3.826GiB
postgres,2.52%,42.27MiB / 3.826GiB
chatbot-db-1,0.02%,80.96MiB / 3.826GiB
[Happ,18.74%,107.7MiB / 3.826GiB[K
redis,1.77%,9.121MiB / 3.826GiB[K
postgres,2.52%,42.27MiB / 3.826GiB[K
chatbot-db-1,0.02%,80.96MiB / 3.826GiB[K
[K
[J[Happ,19.39%,107.9MiB / 3.826GiB
redis,2.19%,9.121MiB / 3.826GiB
postgres,4.12%,42.29MiB / 3.826GiB
chatbot-db-1,0.00%,80.96MiB / 3.826GiB
[Happ,19.39%,107.9MiB / 3.826GiB[K
redis,2.19%,9.121MiB / 3.826GiB[K
postgres,4.12%,42.29MiB / 3.826GiB[K
chatbot-db-1,0.00%,80.96MiB / 3.826GiB[K
[K
[J[Happ,19.39%,107.9MiB / 3.826GiB
redis,2.19%,9.121MiB / 3.826GiB
postgres,4.12%,42.29MiB / 3.826GiB
chatbot-db-1,0.00%,80.96MiB / 3.826GiB
[Happ,19.39%,107.9MiB / 3.826GiB[K
redis,2.19%,9.121MiB / 3.826GiB[K
postgres,4.12%,42.29MiB / 3.826GiB[K
chatbot-db-1,0.00%,80.96MiB / 3.826GiB[K
[K
[J[Happ,21.27%,108.2MiB / 3.826GiB
redis,1.76%,9.121MiB / 3.826GiB
postgres,1.85%,42.28MiB / 3.826GiB
chatbot-db-1,0.03%,80.96MiB / 3.826GiB
[Happ,21.27%,108.2MiB / 3.826GiB[K
redis,1.76%,9.121MiB / 3.826GiB[K
postgres,1.85%,42.28MiB / 3.826GiB[K
chatbot-db-1,0.03%,80.96MiB / 3.826GiB[K
[K
[J[Happ,21.27%,108.2MiB / 3.826GiB
redis,1.76%,9.121MiB / 3.826GiB
postgres,1.85%,42.28MiB / 3.826GiB
chatbot-db-1,0.03%,80.96MiB / 3.826GiB
[Happ,21.27%,108.2MiB / 3.826GiB[K
redis,1.76%,9.121MiB / 3.826GiB[K
postgres,1.85%,42.28MiB / 3.826GiB[K
chatbot-db-1,0.03%,80.96MiB / 3.826GiB[K
[K
[J[Happ,20.95%,108.1MiB / 3.826GiB
redis,2.03%,9.121MiB / 3.826GiB
postgres,1.50%,42.28MiB / 3.826GiB
chatbot-db-1,0.00%,80.96MiB / 3.826GiB
[Happ,20.95%,108.1MiB / 3.826GiB[K
redis,2.03%,9.121MiB / 3.826GiB[K
postgres,1.50%,42.28MiB / 3.826GiB[K
chatbot-db-1,0.00%,80.96MiB / 3.826GiB[K
[K
[J[Happ,20.95%,108.1MiB / 3.826GiB
redis,2.03%,9.121MiB / 3.826GiB
postgres,1.50%,42.28MiB / 3.826GiB
chatbot-db-1,0.00%,80.96MiB / 3.826GiB
[Happ,20.95%,108.1MiB / 3.826GiB[K
redis,2.03%,9.121MiB / 3.826GiB[K
postgres,1.50%,42.28MiB / 3.826GiB[K
chatbot-db-1,0.00%,80.96MiB / 3.826GiB[K
[K
[J[Happ,21.10%,108.4MiB / 3.826GiB
redis,2.17%,9.125MiB / 3.826GiB
postgres,1.03%,42.29MiB / 3.826GiB
chatbot-db-1,0.00%,80.96MiB / 3.826GiB
[Happ,21.10%,108.4MiB / 3.826GiB[K
redis,2.17%,9.125MiB / 3.826GiB[K
postgres,1.03%,42.29MiB / 3.826GiB[K
chatbot-db-1,0.00%,80.96MiB / 3.826GiB[K
[K
[J[Happ,21.10%,108.4MiB / 3.826GiB
redis,2.17%,9.125MiB / 3.826GiB
postgres,1.03%,42.29MiB / 3.826GiB
chatbot-db-1,0.00%,80.96MiB / 3.826GiB
[Happ,21.10%,108.4MiB / 3.826GiB[K
redis,2.17%,9.125MiB / 3.826GiB[K
postgres,1.03%,42.29MiB / 3.826GiB[K
chatbot-db-1,0.00%,80.96MiB / 3.826GiB[K
[K
[J[Happ,22.20%,108.7MiB / 3.826GiB
redis,2.36%,9.129MiB / 3.826GiB
postgres,0.92%,42.28MiB / 3.826GiB
chatbot-db-1,31.96%,81.13MiB / 3.826GiB
[Happ,22.20%,108.7MiB / 3.826GiB[K
redis,2.36%,9.129MiB / 3.826GiB[K
postgres,0.92%,42.28MiB / 3.826GiB[K
chatbot-db-1,31.96%,81.13MiB / 3.826GiB[K
[K
[J[Happ,22.20%,108.7MiB / 3.826GiB
redis,2.36%,9.129MiB / 3.826GiB
postgres,0.92%,42.28MiB / 3.826GiB
chatbot-db-1,31.96%,81.13MiB / 3.826GiB
[Happ,22.20%,108.7MiB / 3.826GiB[K
redis,2.36%,9.129MiB / 3.826GiB[K
postgres,0.92%,42.28MiB / 3.826GiB[K
chatbot-db-1,31.96%,81.13MiB / 3.826GiB[K
[K
[J[Happ,24.33%,108.6MiB / 3.826GiB
redis,3.01%,9.133MiB / 3.826GiB
postgres,3.61%,42.28MiB / 3.826GiB
chatbot-db-1,0.00%,80.96MiB / 3.826GiB
[Happ,24.33%,108.6MiB / 3.826GiB[K
redis,3.01%,9.133MiB / 3.826GiB[K
postgres,3.61%,42.28MiB / 3.826GiB[K
chatbot-db-1,0.00%,80.96MiB / 3.826GiB[K
[K
[J[Happ,24.33%,108.6MiB / 3.826GiB
redis,3.01%,9.133MiB / 3.826GiB
postgres,3.61%,42.28MiB / 3.826GiB
chatbot-db-1,0.00%,80.96MiB / 3.826GiB
[Happ,24.33%,108.6MiB / 3.826GiB[K
redis,3.01%,9.133MiB / 3.826GiB[K
postgres,3.61%,42.28MiB / 3.826GiB[K
chatbot-db-1,0.00%,80.96MiB / 3.826GiB[K
[K
[J[Happ,25.13%,108.7MiB / 3.826GiB
redis,2.72%,9.133MiB / 3.826GiB
postgres,1.19%,42.3MiB / 3.826GiB
chatbot-db-1,0.01%,80.96MiB / 3.826GiB
[Happ,25.13%,108.7MiB / 3.826GiB[K
redis,2.72%,9.133MiB / 3.826GiB[K
postgres,1.19%,42.3MiB / 3.826GiB[K
chatbot-db-1,0.01%,80.96MiB / 3.826GiB[K
[K
[J[Happ,25.13%,108.7MiB / 3.826GiB
redis,2.72%,9.133MiB / 3.826GiB
postgres,1.19%,42.3MiB / 3.826GiB
chatbot-db-1,0.01%,80.96MiB / 3.826GiB
[Happ,25.13%,108.7MiB / 3.826GiB[K
redis,2.72%,9.133MiB / 3.826GiB[K
postgres,1.19%,42.3MiB / 3.826GiB[K
chatbot-db-1,0.01%,80.96MiB / 3.826GiB[K
[K
[J[Happ,28.82%,108.7MiB / 3.826GiB
redis,2.89%,9.383MiB / 3.826GiB
postgres,1.36%,42.29MiB / 3.826GiB
chatbot-db-1,0.00%,80.96MiB / 3.826GiB
[Happ,28.82%,108.7MiB / 3.826GiB[K
redis,2.89%,9.383MiB / 3.826GiB[K
postgres,1.36%,42.29MiB / 3.826GiB[K
chatbot-db-1,0.00%,80.96MiB / 3.826GiB[K
[K
[J[Happ,28.82%,108.7MiB / 3.826GiB
redis,2.89%,9.383MiB / 3.826GiB
postgres,1.36%,42.29MiB / 3.826GiB
chatbot-db-1,0.00%,80.96MiB / 3.826GiB
[Happ,28.82%,108.7MiB / 3.826GiB[K
redis,2.89%,9.383MiB / 3.826GiB[K
postgres,1.36%,42.29MiB / 3.826GiB[K
chatbot-db-1,0.00%,80.96MiB / 3.826GiB[K
[K
[J[Happ,27.32%,108.9MiB / 3.826GiB
redis,2.75%,9.133MiB / 3.826GiB
postgres,1.40%,42.31MiB / 3.826GiB
chatbot-db-1,0.00%,80.96MiB / 3.826GiB
[Happ,27.32%,108.9MiB / 3.826GiB[K
redis,2.75%,9.133MiB / 3.826GiB[K
postgres,1.40%,42.31MiB / 3.826GiB[K
chatbot-db-1,0.00%,80.96MiB / 3.826GiB[K
[K
[J[Happ,27.32%,108.9MiB / 3.826GiB
redis,2.75%,9.133MiB / 3.826GiB
postgres,1.40%,42.31MiB / 3.826GiB
chatbot-db-1,0.00%,80.96MiB / 3.826GiB
[Happ,27.32%,108.9MiB / 3.826GiB[K
redis,2.75%,9.133MiB / 3.826GiB[K
postgres,1.40%,42.31MiB / 3.826GiB[K
chatbot-db-1,0.00%,80.96MiB / 3.826GiB[K
[K
[J[Happ,26.17%,108.9MiB / 3.826GiB
redis,2.88%,9.125MiB / 3.826GiB
postgres,1.17%,42.29MiB / 3.826GiB
chatbot-db-1,0.04%,80.96MiB / 3.826GiB
[Happ,26.17%,108.9MiB / 3.826GiB[K
redis,2.88%,9.125MiB / 3.826GiB[K
postgres,1.17%,42.29MiB / 3.826GiB[K
chatbot-db-1,0.04%,80.96MiB / 3.826GiB[K
[K
[J[Happ,26.17%,108.9MiB / 3.826GiB
redis,2.88%,9.125MiB / 3.826GiB
postgres,1.17%,42.29MiB / 3.826GiB
chatbot-db-1,0.04%,80.96MiB / 3.826GiB
[Happ,26.17%,108.9MiB / 3.826GiB[K
redis,2.88%,9.125MiB / 3.826GiB[K
postgres,1.17%,42.29MiB / 3.826GiB[K
chatbot-db-1,0.04%,80.96MiB / 3.826GiB[K
[K
[J[Happ,33.60%,108.7MiB / 3.826GiB
redis,3.37%,9.137MiB / 3.826GiB
postgres,5.60%,42.32MiB / 3.826GiB
chatbot-db-1,0.04%,80.96MiB / 3.826GiB
[Happ,33.60%,108.7MiB / 3.826GiB[K
redis,3.37%,9.137MiB / 3.826GiB[K
postgres,5.60%,42.32MiB / 3.826GiB[K
chatbot-db-1,0.04%,80.96MiB / 3.826GiB[K
[K
[J[Happ,33.60%,108.7MiB / 3.826GiB
redis,3.37%,9.137MiB / 3.826GiB
postgres,5.60%,42.32MiB / 3.826GiB
chatbot-db-1,0.04%,80.96MiB / 3.826GiB
[Happ,33.60%,108.7MiB / 3.826GiB[K
redis,3.37%,9.137MiB / 3.826GiB[K
postgres,5.60%,42.32MiB / 3.826GiB[K
chatbot-db-1,0.04%,80.96MiB / 3.826GiB[K
[K
[J[Happ,35.09%,108.9MiB / 3.826GiB
redis,3.17%,9.148MiB / 3.826GiB
postgres,2.68%,42.29MiB / 3.826GiB
chatbot-db-1,0.14%,80.96MiB / 3.826GiB
[Happ,35.09%,108.9MiB / 3.826GiB[K
redis,3.17%,9.148MiB / 3.826GiB[K
postgres,2.68%,42.29MiB / 3.826GiB[K
chatbot-db-1,0.14%,80.96MiB / 3.826GiB[K
[K
[J[Happ,35.09%,108.9MiB / 3.826GiB
redis,3.17%,9.148MiB / 3.826GiB
postgres,2.68%,42.29MiB / 3.826GiB
chatbot-db-1,0.14%,80.96MiB / 3.826GiB
[Happ,35.09%,108.9MiB / 3.826GiB[K
redis,3.17%,9.148MiB / 3.826GiB[K
postgres,2.68%,42.29MiB / 3.826GiB[K
chatbot-db-1,0.14%,80.96MiB / 3.826GiB[K
[K
[J[Happ,26.59%,109MiB / 3.826GiB
redis,2.67%,9.129MiB / 3.826GiB
postgres,1.44%,42.31MiB / 3.826GiB
chatbot-db-1,0.00%,80.96MiB / 3.826GiB
[Happ,26.59%,109MiB / 3.826GiB[K
redis,2.67%,9.129MiB / 3.826GiB[K
postgres,1.44%,42.31MiB / 3.826GiB[K
chatbot-db-1,0.00%,80.96MiB / 3.826GiB[K
[K
[J[Happ,26.59%,109MiB / 3.826GiB
redis,2.67%,9.129MiB / 3.826GiB
postgres,1.44%,42.31MiB / 3.826GiB
chatbot-db-1,0.00%,80.96MiB / 3.826GiB
[Happ,26.59%,109MiB / 3.826GiB[K
redis,2.67%,9.129MiB / 3.826GiB[K
postgres,1.44%,42.31MiB / 3.826GiB[K
chatbot-db-1,0.00%,80.96MiB / 3.826GiB[K
[K
[J[Happ,26.19%,109.4MiB / 3.826GiB
redis,2.71%,9.129MiB / 3.826GiB
postgres,1.28%,42.31MiB / 3.826GiB
chatbot-db-1,0.00%,80.96MiB / 3.826GiB
[Happ,26.19%,109.4MiB / 3.826GiB[K
redis,2.71%,9.129MiB / 3.826GiB[K
postgres,1.28%,42.31MiB / 3.826GiB[K
chatbot-db-1,0.00%,80.96MiB / 3.826GiB[K
[K
[J[Happ,26.19%,109.4MiB / 3.826GiB
redis,2.71%,9.129MiB / 3.826GiB
postgres,1.28%,42.31MiB / 3.826GiB
chatbot-db-1,0.00%,80.96MiB / 3.826GiB
[Happ,26.19%,109.4MiB / 3.826GiB[K
redis,2.71%,9.129MiB / 3.826GiB[K
postgres,1.28%,42.31MiB / 3.826GiB[K
chatbot-db-1,0.00%,80.96MiB / 3.826GiB[K
[K
[J[Happ,33.49%,109.4MiB / 3.826GiB
redis,3.04%,9.141MiB / 3.826GiB
postgres,1.86%,42.32MiB / 3.826GiB
chatbot-db-1,9.81%,93.85MiB / 3.826GiB
[Happ,33.49%,109.4MiB / 3.826GiB[K
redis,3.04%,9.141MiB / 3.826GiB[K
postgres,1.86%,42.32MiB / 3.826GiB[K
chatbot-db-1,9.81%,93.85MiB / 3.826GiB[K
[K
[J[Happ,33.49%,109.4MiB / 3.826GiB
redis,3.04%,9.141MiB / 3.826GiB
postgres,1.86%,42.32MiB / 3.826GiB
chatbot-db-1,9.81%,93.85MiB / 3.826GiB
[Happ,33.49%,109.4MiB / 3.826GiB[K
redis,3.04%,9.141MiB / 3.826GiB[K
postgres,1.86%,42.32MiB / 3.826GiB[K
chatbot-db-1,9.81%,93.85MiB / 3.826GiB[K
[K
[J[Happ,30.32%,109MiB / 3.826GiB
redis,3.60%,9.133MiB / 3.826GiB
postgres,4.73%,42.57MiB / 3.826GiB
chatbot-db-1,27.39%,80.96MiB / 3.826GiB
[Happ,30.32%,109MiB / 3.826GiB[K
redis,3.60%,9.133MiB / 3.826GiB[K
postgres,4.73%,42.57MiB / 3.826GiB[K
chatbot-db-1,27.39%,80.96MiB / 3.826GiB[K
[K
[J[Happ,30.32%,109MiB / 3.826GiB
redis,3.60%,9.133MiB / 3.826GiB
postgres,4.73%,42.57MiB / 3.826GiB
chatbot-db-1,27.39%,80.96MiB / 3.826GiB
[Happ,30.32%,109MiB / 3.826GiB[K
redis,3.60%,9.133MiB / 3.826GiB[K
postgres,4.73%,42.57MiB / 3.826GiB[K
chatbot-db-1,27.39%,80.96MiB / 3.826GiB[K
[K
[J[Happ,27.98%,109.6MiB / 3.826GiB
redis,2.82%,9.133MiB / 3.826GiB
postgres,1.46%,42.31MiB / 3.826GiB
chatbot-db-1,0.03%,80.96MiB / 3.826GiB
[Happ,27.98%,109.6MiB / 3.826GiB[K
redis,2.82%,9.133MiB / 3.826GiB[K
postgres,1.46%,42.31MiB / 3.826GiB[K
chatbot-db-1,0.03%,80.96MiB / 3.826GiB[K
[K
[J[Happ,27.98%,109.6MiB / 3.826GiB
redis,2.82%,9.133MiB / 3.826GiB
postgres,1.46%,42.31MiB / 3.826GiB
chatbot-db-1,0.03%,80.96MiB / 3.826GiB
[Happ,27.98%,109.6MiB / 3.826GiB[K
redis,2.82%,9.133MiB / 3.826GiB[K
postgres,1.46%,42.31MiB / 3.826GiB[K
chatbot-db-1,0.03%,80.96MiB / 3.826GiB[K
[K
[J[Happ,29.28%,109.4MiB / 3.826GiB
redis,2.98%,9.133MiB / 3.826GiB
postgres,1.32%,42.32MiB / 3.826GiB
chatbot-db-1,0.00%,80.96MiB / 3.826GiB
[Happ,29.28%,109.4MiB / 3.826GiB[K
redis,2.98%,9.133MiB / 3.826GiB[K
postgres,1.32%,42.32MiB / 3.826GiB[K
chatbot-db-1,0.00%,80.96MiB / 3.826GiB[K
[K
[J[Happ,29.28%,109.4MiB / 3.826GiB
redis,2.98%,9.133MiB / 3.826GiB
postgres,1.32%,42.32MiB / 3.826GiB
chatbot-db-1,0.00%,80.96MiB / 3.826GiB
[Happ,29.28%,109.4MiB / 3.826GiB[K
redis,2.98%,9.133MiB / 3.826GiB[K
postgres,1.32%,42.32MiB / 3.826GiB[K
chatbot-db-1,0.00%,80.96MiB / 3.826GiB[K
[K
[J[Happ,30.60%,109MiB / 3.826GiB
redis,2.88%,9.141MiB / 3.826GiB
postgres,1.42%,42.59MiB / 3.826GiB
chatbot-db-1,0.00%,80.96MiB / 3.826GiB
[Happ,30.60%,109MiB / 3.826GiB[K
redis,2.88%,9.141MiB / 3.826GiB[K
postgres,1.42%,42.59MiB / 3.826GiB[K
chatbot-db-1,0.00%,80.96MiB / 3.826GiB[K
[K
[J[Happ,30.60%,109MiB / 3.826GiB
redis,2.88%,9.141MiB / 3.826GiB
postgres,1.42%,42.59MiB / 3.826GiB
chatbot-db-1,0.00%,80.96MiB / 3.826GiB
[Happ,30.60%,109MiB / 3.826GiB[K
redis,2.88%,9.141MiB / 3.826GiB[K
postgres,1.42%,42.59MiB / 3.826GiB[K
chatbot-db-1,0.00%,80.96MiB / 3.826GiB[K
[K
[J[Happ,37.36%,109.2MiB / 3.826GiB
redis,3.52%,9.164MiB / 3.826GiB
postgres,2.86%,42.32MiB / 3.826GiB
chatbot-db-1,0.00%,80.96MiB / 3.826GiB
[Happ,37.36%,109.2MiB / 3.826GiB[K
redis,3.52%,9.164MiB / 3.826GiB[K
postgres,2.86%,42.32MiB / 3.826GiB[K
chatbot-db-1,0.00%,80.96MiB / 3.826GiB[K
[K
[J[Happ,37.36%,109.2MiB / 3.826GiB
redis,3.52%,9.164MiB / 3.826GiB
postgres,2.86%,42.32MiB / 3.826GiB
chatbot-db-1,0.00%,80.96MiB / 3.826GiB
[Happ,37.36%,109.2MiB / 3.826GiB[K
redis,3.52%,9.164MiB / 3.826GiB[K
postgres,2.86%,42.32MiB / 3.826GiB[K
chatbot-db-1,0.00%,80.96MiB / 3.826GiB[K
[K
[J[Happ,46.04%,111.1MiB / 3.826GiB
redis,4.02%,9.773MiB / 3.826GiB
postgres,7.40%,42.34MiB / 3.826GiB
chatbot-db-1,0.20%,80.96MiB / 3.826GiB
[Happ,46.04%,111.1MiB / 3.826GiB[K
redis,4.02%,9.773MiB / 3.826GiB[K
postgres,7.40%,42.34MiB / 3.826GiB[K
chatbot-db-1,0.20%,80.96MiB / 3.826GiB[K
[K
[J[Happ,46.04%,111.1MiB / 3.826GiB
redis,4.02%,9.773MiB / 3.826GiB
postgres,7.40%,42.34MiB / 3.826GiB
chatbot-db-1,0.20%,80.96MiB / 3.826GiB
[Happ,46.04%,111.1MiB / 3.826GiB[K
redis,4.02%,9.773MiB / 3.826GiB[K
postgres,7.40%,42.34MiB / 3.826GiB[K
chatbot-db-1,0.20%,80.96MiB / 3.826GiB[K
[K
[J[Happ,29.06%,111.2MiB / 3.826GiB
redis,2.87%,10.01MiB / 3.826GiB
postgres,1.16%,42.34MiB / 3.826GiB
chatbot-db-1,0.03%,80.96MiB / 3.826GiB
[Happ,29.06%,111.2MiB / 3.826GiB[K
redis,2.87%,10.01MiB / 3.826GiB[K
postgres,1.16%,42.34MiB / 3.826GiB[K
chatbot-db-1,0.03%,80.96MiB / 3.826GiB[K
[K
[J[Happ,29.06%,111.2MiB / 3.826GiB
redis,2.87%,10.01MiB / 3.826GiB
postgres,1.16%,42.34MiB / 3.826GiB
chatbot-db-1,0.03%,80.96MiB / 3.826GiB
[Happ,29.06%,111.2MiB / 3.826GiB[K
redis,2.87%,10.01MiB / 3.826GiB[K
postgres,1.16%,42.34MiB / 3.826GiB[K
chatbot-db-1,0.03%,80.96MiB / 3.826GiB[K
[K
[J[Happ,26.31%,111MiB / 3.826GiB
redis,2.78%,9.762MiB / 3.826GiB
postgres,1.12%,42.36MiB / 3.826GiB
chatbot-db-1,0.00%,80.96MiB / 3.826GiB
[Happ,26.31%,111MiB / 3.826GiB[K
redis,2.78%,9.762MiB / 3.826GiB[K
postgres,1.12%,42.36MiB / 3.826GiB[K
chatbot-db-1,0.00%,80.96MiB / 3.826GiB[K
[K
[J[Happ,26.31%,111MiB / 3.826GiB
redis,2.78%,9.762MiB / 3.826GiB
postgres,1.12%,42.36MiB / 3.826GiB
chatbot-db-1,0.00%,80.96MiB / 3.826GiB
[Happ,26.31%,111MiB / 3.826GiB[K
redis,2.78%,9.762MiB / 3.826GiB[K
postgres,1.12%,42.36MiB / 3.826GiB[K
chatbot-db-1,0.00%,80.96MiB / 3.826GiB[K
[K
[J[Happ,27.09%,111.1MiB / 3.826GiB
redis,2.72%,9.77MiB / 3.826GiB
postgres,1.33%,42.34MiB / 3.826GiB
chatbot-db-1,0.00%,80.96MiB / 3.826GiB
[Happ,27.09%,111.1MiB / 3.826GiB[K
redis,2.72%,9.77MiB / 3.826GiB[K
postgres,1.33%,42.34MiB / 3.826GiB[K
chatbot-db-1,0.00%,80.96MiB / 3.826GiB[K
[K
[J[Happ,27.09%,111.1MiB / 3.826GiB
redis,2.72%,9.77MiB / 3.826GiB
postgres,1.33%,42.34MiB / 3.826GiB
chatbot-db-1,0.00%,80.96MiB / 3.826GiB
[Happ,27.09%,111.1MiB / 3.826GiB[K
redis,2.72%,9.77MiB / 3.826GiB[K
postgres,1.33%,42.34MiB / 3.826GiB[K
chatbot-db-1,0.00%,80.96MiB / 3.826GiB[K
[K
[J[Happ,27.50%,110.8MiB / 3.826GiB
redis,2.80%,9.77MiB / 3.826GiB
postgres,1.22%,42.34MiB / 3.826GiB
chatbot-db-1,0.00%,80.96MiB / 3.826GiB
[Happ,27.50%,110.8MiB / 3.826GiB[K
redis,2.80%,9.77MiB / 3.826GiB[K
postgres,1.22%,42.34MiB / 3.826GiB[K
chatbot-db-1,0.00%,80.96MiB / 3.826GiB[K
[K
[J[Happ,27.50%,110.8MiB / 3.826GiB
redis,2.80%,9.77MiB / 3.826GiB
postgres,1.22%,42.34MiB / 3.826GiB
chatbot-db-1,0.00%,80.96MiB / 3.826GiB
[Happ,27.50%,110.8MiB / 3.826GiB[K
redis,2.80%,9.77MiB / 3.826GiB[K
postgres,1.22%,42.34MiB / 3.826GiB[K
chatbot-db-1,0.00%,80.96MiB / 3.826GiB[K
[K
[J[Happ,30.72%,111.7MiB / 3.826GiB
redis,3.65%,9.766MiB / 3.826GiB
postgres,4.20%,42.34MiB / 3.826GiB
chatbot-db-1,37.65%,80.98MiB / 3.826GiB
[Happ,30.72%,111.7MiB / 3.826GiB[K
redis,3.65%,9.766MiB / 3.826GiB[K
postgres,4.20%,42.34MiB / 3.826GiB[K
chatbot-db-1,37.65%,80.98MiB / 3.826GiB[K
[K
[J[Happ,30.72%,111.7MiB / 3.826GiB
redis,3.65%,9.766MiB / 3.826GiB
postgres,4.20%,42.34MiB / 3.826GiB
chatbot-db-1,37.65%,80.98MiB / 3.826GiB
[Happ,30.72%,111.7MiB / 3.826GiB[K
redis,3.65%,9.766MiB / 3.826GiB[K
postgres,4.20%,42.34MiB / 3.826GiB[K
chatbot-db-1,37.65%,80.98MiB / 3.826GiB[K
[K
[J[Happ,27.21%,110.8MiB / 3.826GiB
redis,2.92%,9.77MiB / 3.826GiB
postgres,1.29%,42.35MiB / 3.826GiB
chatbot-db-1,0.02%,80.96MiB / 3.826GiB
[Happ,27.21%,110.8MiB / 3.826GiB[K
redis,2.92%,9.77MiB / 3.826GiB[K
postgres,1.29%,42.35MiB / 3.826GiB[K
chatbot-db-1,0.02%,80.96MiB / 3.826GiB[K
[K
[J[Happ,27.21%,110.8MiB / 3.826GiB
redis,2.92%,9.77MiB / 3.826GiB
postgres,1.29%,42.35MiB / 3.826GiB
chatbot-db-1,0.02%,80.96MiB / 3.826GiB
[Happ,27.21%,110.8MiB / 3.826GiB[K
redis,2.92%,9.77MiB / 3.826GiB[K
postgres,1.29%,42.35MiB / 3.826GiB[K
chatbot-db-1,0.02%,80.96MiB / 3.826GiB[K
[K
[J[Happ,32.93%,110.6MiB / 3.826GiB
redis,3.04%,9.777MiB / 3.826GiB
postgres,1.62%,42.34MiB / 3.826GiB
chatbot-db-1,0.00%,80.96MiB / 3.826GiB
[Happ,32.93%,110.6MiB / 3.826GiB[K
redis,3.04%,9.777MiB / 3.826GiB[K
postgres,1.62%,42.34MiB / 3.826GiB[K
chatbot-db-1,0.00%,80.96MiB / 3.826GiB[K
[K
[J[Happ,32.93%,110.6MiB / 3.826GiB
redis,3.04%,9.777MiB / 3.826GiB
postgres,1.62%,42.34MiB / 3.826GiB
chatbot-db-1,0.00%,80.96MiB / 3.826GiB
[Happ,32.93%,110.6MiB / 3.826GiB[K
redis,3.04%,9.777MiB / 3.826GiB[K
postgres,1.62%,42.34MiB / 3.826GiB[K
chatbot-db-1,0.00%,80.96MiB / 3.826GiB[K
[K
[J[Happ,31.99%,111.3MiB / 3.826GiB
redis,3.36%,9.789MiB / 3.826GiB
postgres,1.45%,42.35MiB / 3.826GiB
chatbot-db-1,0.00%,80.96MiB / 3.826GiB
[Happ,31.99%,111.3MiB / 3.826GiB[K
redis,3.36%,9.789MiB / 3.826GiB[K
postgres,1.45%,42.35MiB / 3.826GiB[K
chatbot-db-1,0.00%,80.96MiB / 3.826GiB[K
[K
[J[Happ,31.99%,111.3MiB / 3.826GiB
redis,3.36%,9.789MiB / 3.826GiB
postgres,1.45%,42.35MiB / 3.826GiB
chatbot-db-1,0.00%,80.96MiB / 3.826GiB
[Happ,31.99%,111.3MiB / 3.826GiB[K
redis,3.36%,9.789MiB / 3.826GiB[K
postgres,1.45%,42.35MiB / 3.826GiB[K
chatbot-db-1,0.00%,80.96MiB / 3.826GiB[K
[K
[J[Happ,41.72%,111.2MiB / 3.826GiB
redis,3.50%,9.766MiB / 3.826GiB
postgres,1.96%,42.36MiB / 3.826GiB
chatbot-db-1,0.00%,80.96MiB / 3.826GiB
[Happ,41.72%,111.2MiB / 3.826GiB[K
redis,3.50%,9.766MiB / 3.826GiB[K
postgres,1.96%,42.36MiB / 3.826GiB[K
chatbot-db-1,0.00%,80.96MiB / 3.826GiB[K
[K
[J[Happ,41.72%,111.2MiB / 3.826GiB
redis,3.50%,9.766MiB / 3.826GiB
postgres,1.96%,42.36MiB / 3.826GiB
chatbot-db-1,0.00%,80.96MiB / 3.826GiB
[Happ,41.72%,111.2MiB / 3.826GiB[K
redis,3.50%,9.766MiB / 3.826GiB[K
postgres,1.96%,42.36MiB / 3.826GiB[K
chatbot-db-1,0.00%,80.96MiB / 3.826GiB[K
[K
[J[Happ,38.12%,111MiB / 3.826GiB
redis,4.91%,9.766MiB / 3.826GiB
postgres,6.15%,42.44MiB / 3.826GiB
chatbot-db-1,0.09%,80.96MiB / 3.826GiB
[Happ,38.12%,111MiB / 3.826GiB[K
redis,4.91%,9.766MiB / 3.826GiB[K
postgres,6.15%,42.44MiB / 3.826GiB[K
chatbot-db-1,0.09%,80.96MiB / 3.826GiB[K
[K
[J[Happ,38.12%,111MiB / 3.826GiB
redis,4.91%,9.766MiB / 3.826GiB
postgres,6.15%,42.44MiB / 3.826GiB
chatbot-db-1,0.09%,80.96MiB / 3.826GiB
[Happ,38.12%,111MiB / 3.826GiB[K
redis,4.91%,9.766MiB / 3.826GiB[K
postgres,6.15%,42.44MiB / 3.826GiB[K
chatbot-db-1,0.09%,80.96MiB / 3.826GiB[K
[K
[J[Happ,42.37%,111.6MiB / 3.826GiB
redis,3.73%,9.789MiB / 3.826GiB
postgres,2.04%,42.42MiB / 3.826GiB
chatbot-db-1,0.03%,80.96MiB / 3.826GiB
[Happ,42.37%,111.6MiB / 3.826GiB[K
redis,3.73%,9.789MiB / 3.826GiB[K
postgres,2.04%,42.42MiB / 3.826GiB[K
chatbot-db-1,0.03%,80.96MiB / 3.826GiB[K
[K
[J[Happ,42.37%,111.6MiB / 3.826GiB
redis,3.73%,9.789MiB / 3.826GiB
postgres,2.04%,42.42MiB / 3.826GiB
chatbot-db-1,0.03%,80.96MiB / 3.826GiB
[Happ,42.37%,111.6MiB / 3.826GiB[K
redis,3.73%,9.789MiB / 3.826GiB[K
postgres,2.04%,42.42MiB / 3.826GiB[K
chatbot-db-1,0.03%,80.96MiB / 3.826GiB[K
[K
[J[Happ,42.44%,111.6MiB / 3.826GiB
redis,4.12%,9.613MiB / 3.826GiB
postgres,1.86%,42.43MiB / 3.826GiB
chatbot-db-1,0.00%,80.96MiB / 3.826GiB
[Happ,42.44%,111.6MiB / 3.826GiB[K
redis,4.12%,9.613MiB / 3.826GiB[K
postgres,1.86%,42.43MiB / 3.826GiB[K
chatbot-db-1,0.00%,80.96MiB / 3.826GiB[K
[K
[J[Happ,42.44%,111.6MiB / 3.826GiB
redis,4.12%,9.613MiB / 3.826GiB
postgres,1.86%,42.43MiB / 3.826GiB
chatbot-db-1,0.00%,80.96MiB / 3.826GiB
[Happ,42.44%,111.6MiB / 3.826GiB[K
redis,4.12%,9.613MiB / 3.826GiB[K
postgres,1.86%,42.43MiB / 3.826GiB[K
chatbot-db-1,0.00%,80.96MiB / 3.826GiB[K
[K
[J[Happ,47.78%,111.6MiB / 3.826GiB
redis,4.08%,9.609MiB / 3.826GiB
postgres,2.57%,42.44MiB / 3.826GiB
chatbot-db-1,0.00%,80.96MiB / 3.826GiB
[Happ,47.78%,111.6MiB / 3.826GiB[K
redis,4.08%,9.609MiB / 3.826GiB[K
postgres,2.57%,42.44MiB / 3.826GiB[K
chatbot-db-1,0.00%,80.96MiB / 3.826GiB[K
[K
[J[Happ,47.78%,111.6MiB / 3.826GiB
redis,4.08%,9.609MiB / 3.826GiB
postgres,2.57%,42.44MiB / 3.826GiB
chatbot-db-1,0.00%,80.96MiB / 3.826GiB
[Happ,47.78%,111.6MiB / 3.826GiB[K
redis,4.08%,9.609MiB / 3.826GiB[K
postgres,2.57%,42.44MiB / 3.826GiB[K
chatbot-db-1,0.00%,80.96MiB / 3.826GiB[K
[K
[J[Happ,52.71%,111.8MiB / 3.826GiB
redis,4.18%,9.613MiB / 3.826GiB
postgres,2.37%,42.44MiB / 3.826GiB
chatbot-db-1,0.00%,80.96MiB / 3.826GiB
[Happ,52.71%,111.8MiB / 3.826GiB[K
redis,4.18%,9.613MiB / 3.826GiB[K
postgres,2.37%,42.44MiB / 3.826GiB[K
chatbot-db-1,0.00%,80.96MiB / 3.826GiB[K
[K
[J[Happ,52.71%,111.8MiB / 3.826GiB
redis,4.18%,9.613MiB / 3.826GiB
postgres,2.37%,42.44MiB / 3.826GiB
chatbot-db-1,0.00%,80.96MiB / 3.826GiB
[Happ,52.71%,111.8MiB / 3.826GiB[K
redis,4.18%,9.613MiB / 3.826GiB[K
postgres,2.37%,42.44MiB / 3.826GiB[K
chatbot-db-1,0.00%,80.96MiB / 3.826GiB[K
[K
[J[Happ,62.74%,111.9MiB / 3.826GiB
redis,5.96%,9.645MiB / 3.826GiB
postgres,8.25%,42.45MiB / 3.826GiB
chatbot-db-1,47.82%,80.96MiB / 3.826GiB
[Happ,62.74%,111.9MiB / 3.826GiB[K
redis,5.96%,9.645MiB / 3.826GiB[K
postgres,8.25%,42.45MiB / 3.826GiB[K
chatbot-db-1,47.82%,80.96MiB / 3.826GiB[K
[K
[J[Happ,62.74%,111.9MiB / 3.826GiB
redis,5.96%,9.645MiB / 3.826GiB
postgres,8.25%,42.45MiB / 3.826GiB
chatbot-db-1,47.82%,80.96MiB / 3.826GiB
[Happ,62.74%,111.9MiB / 3.826GiB[K
redis,5.96%,9.645MiB / 3.826GiB[K
postgres,8.25%,42.45MiB / 3.826GiB[K
chatbot-db-1,47.82%,80.96MiB / 3.826GiB[K
[K
[J[Happ,66.22%,112.3MiB / 3.826GiB
redis,4.47%,9.598MiB / 3.826GiB
postgres,4.04%,42.46MiB / 3.826GiB
chatbot-db-1,0.04%,80.96MiB / 3.826GiB
[Happ,66.22%,112.3MiB / 3.826GiB[K
redis,4.47%,9.598MiB / 3.826GiB[K
postgres,4.04%,42.46MiB / 3.826GiB[K
chatbot-db-1,0.04%,80.96MiB / 3.826GiB[K
[K
[J[Happ,66.22%,112.3MiB / 3.826GiB
redis,4.47%,9.598MiB / 3.826GiB
postgres,4.04%,42.46MiB / 3.826GiB
chatbot-db-1,0.04%,80.96MiB / 3.826GiB
[Happ,66.22%,112.3MiB / 3.826GiB[K
redis,4.47%,9.598MiB / 3.826GiB[K
postgres,4.04%,42.46MiB / 3.826GiB[K
chatbot-db-1,0.04%,80.96MiB / 3.826GiB[K
[K
[J[Happ,65.10%,113.4MiB / 3.826GiB
redis,4.94%,9.789MiB / 3.826GiB
postgres,2.98%,42.46MiB / 3.826GiB
chatbot-db-1,0.00%,80.96MiB / 3.826GiB
[Happ,65.10%,113.4MiB / 3.826GiB[K
redis,4.94%,9.789MiB / 3.826GiB[K
postgres,2.98%,42.46MiB / 3.826GiB[K
chatbot-db-1,0.00%,80.96MiB / 3.826GiB[K
[K
[J[Happ,65.10%,113.4MiB / 3.826GiB
redis,4.94%,9.789MiB / 3.826GiB
postgres,2.98%,42.46MiB / 3.826GiB
chatbot-db-1,0.00%,80.96MiB / 3.826GiB
[Happ,65.10%,113.4MiB / 3.826GiB[K
redis,4.94%,9.789MiB / 3.826GiB[K
postgres,2.98%,42.46MiB / 3.826GiB[K
chatbot-db-1,0.00%,80.96MiB / 3.826GiB[K
[K
[J[Happ,65.10%,113.4MiB / 3.826GiB
redis,4.94%,9.789MiB / 3.826GiB
postgres,2.98%,42.46MiB / 3.826GiB
chatbot-db-1,0.00%,80.96MiB / 3.826GiB
[Happ,65.10%,113.4MiB / 3.826GiB[K
redis,4.94%,9.789MiB / 3.826GiB[K
postgres,2.98%,42.46MiB / 3.826GiB[K
chatbot-db-1,0.00%,80.96MiB / 3.826GiB[K
[K
[J[Happ,62.66%,113.6MiB / 3.826GiB
redis,4.75%,9.754MiB / 3.826GiB
postgres,3.11%,42.48MiB / 3.826GiB
chatbot-db-1,0.00%,80.96MiB / 3.826GiB
[Happ,62.66%,113.6MiB / 3.826GiB[K
redis,4.75%,9.754MiB / 3.826GiB[K
postgres,3.11%,42.48MiB / 3.826GiB[K
chatbot-db-1,0.00%,80.96MiB / 3.826GiB[K
[K
[J[Happ,62.66%,113.6MiB / 3.826GiB
redis,4.75%,9.754MiB / 3.826GiB
postgres,3.11%,42.48MiB / 3.826GiB
chatbot-db-1,0.00%,80.96MiB / 3.826GiB
[Happ,62.66%,113.6MiB / 3.826GiB[K
redis,4.75%,9.754MiB / 3.826GiB[K
postgres,3.11%,42.48MiB / 3.826GiB[K
chatbot-db-1,0.00%,80.96MiB / 3.826GiB[K
[K
[J[Happ,64.27%,113MiB / 3.826GiB
redis,5.03%,9.758MiB / 3.826GiB
postgres,5.73%,42.5MiB / 3.826GiB
chatbot-db-1,0.00%,80.96MiB / 3.826GiB
[Happ,64.27%,113MiB / 3.826GiB[K
redis,5.03%,9.758MiB / 3.826GiB[K
postgres,5.73%,42.5MiB / 3.826GiB[K
chatbot-db-1,0.00%,80.96MiB / 3.826GiB[K
[K
[J[Happ,64.27%,113MiB / 3.826GiB
redis,5.03%,9.758MiB / 3.826GiB
postgres,5.73%,42.5MiB / 3.826GiB
chatbot-db-1,0.00%,80.96MiB / 3.826GiB
[Happ,64.27%,113MiB / 3.826GiB[K
redis,5.03%,9.758MiB / 3.826GiB[K
postgres,5.73%,42.5MiB / 3.826GiB[K
chatbot-db-1,0.00%,80.96MiB / 3.826GiB[K
[K
[J[Happ,63.52%,113.4MiB / 3.826GiB
redis,5.56%,9.762MiB / 3.826GiB
postgres,6.48%,42.51MiB / 3.826GiB
chatbot-db-1,0.09%,80.96MiB / 3.826GiB
[Happ,63.52%,113.4MiB / 3.826GiB[K
redis,5.56%,9.762MiB / 3.826GiB[K
postgres,6.48%,42.51MiB / 3.826GiB[K
chatbot-db-1,0.09%,80.96MiB / 3.826GiB[K
[K
[J[Happ,63.52%,113.4MiB / 3.826GiB
redis,5.56%,9.762MiB / 3.826GiB
postgres,6.48%,42.51MiB / 3.826GiB
chatbot-db-1,0.09%,80.96MiB / 3.826GiB
[Happ,63.52%,113.4MiB / 3.826GiB[K
redis,5.56%,9.762MiB / 3.826GiB[K
postgres,6.48%,42.51MiB / 3.826GiB[K
chatbot-db-1,0.09%,80.96MiB / 3.826GiB[K
[K
[J[Happ,66.31%,113.2MiB / 3.826GiB
redis,4.78%,9.75MiB / 3.826GiB
postgres,2.89%,42.51MiB / 3.826GiB
chatbot-db-1,0.04%,80.96MiB / 3.826GiB
[Happ,66.31%,113.2MiB / 3.826GiB[K
redis,4.78%,9.75MiB / 3.826GiB[K
postgres,2.89%,42.51MiB / 3.826GiB[K
chatbot-db-1,0.04%,80.96MiB / 3.826GiB[K
[K
[J[Happ,66.31%,113.2MiB / 3.826GiB
redis,4.78%,9.75MiB / 3.826GiB
postgres,2.89%,42.51MiB / 3.826GiB
chatbot-db-1,0.04%,80.96MiB / 3.826GiB
[Happ,66.31%,113.2MiB / 3.826GiB[K
redis,4.78%,9.75MiB / 3.826GiB[K
postgres,2.89%,42.51MiB / 3.826GiB[K
chatbot-db-1,0.04%,80.96MiB / 3.826GiB[K
[K
[J[Happ,58.56%,113.9MiB / 3.826GiB
redis,5.38%,9.781MiB / 3.826GiB
postgres,2.92%,42.51MiB / 3.826GiB
chatbot-db-1,8.94%,80.97MiB / 3.826GiB
[Happ,58.56%,113.9MiB / 3.826GiB[K
redis,5.38%,9.781MiB / 3.826GiB[K
postgres,2.92%,42.51MiB / 3.826GiB[K
chatbot-db-1,8.94%,80.97MiB / 3.826GiB[K
[K
[J[Happ,58.56%,113.9MiB / 3.826GiB
redis,5.38%,9.781MiB / 3.826GiB
postgres,2.92%,42.51MiB / 3.826GiB
chatbot-db-1,8.94%,80.97MiB / 3.826GiB
[Happ,58.56%,113.9MiB / 3.826GiB[K
redis,5.38%,9.781MiB / 3.826GiB[K
postgres,2.92%,42.51MiB / 3.826GiB[K
chatbot-db-1,8.94%,80.97MiB / 3.826GiB[K
[K
[J[Happ,59.06%,113.7MiB / 3.826GiB
redis,5.08%,9.539MiB / 3.826GiB
postgres,2.77%,42.51MiB / 3.826GiB
chatbot-db-1,0.00%,80.97MiB / 3.826GiB
[Happ,59.06%,113.7MiB / 3.826GiB[K
redis,5.08%,9.539MiB / 3.826GiB[K
postgres,2.77%,42.51MiB / 3.826GiB[K
chatbot-db-1,0.00%,80.97MiB / 3.826GiB[K
[K
[J[Happ,59.06%,113.7MiB / 3.826GiB
redis,5.08%,9.539MiB / 3.826GiB
postgres,2.77%,42.51MiB / 3.826GiB
chatbot-db-1,0.00%,80.97MiB / 3.826GiB
[Happ,59.06%,113.7MiB / 3.826GiB[K
redis,5.08%,9.539MiB / 3.826GiB[K
postgres,2.77%,42.51MiB / 3.826GiB[K
chatbot-db-1,0.00%,80.97MiB / 3.826GiB[K
[K
[J[Happ,62.43%,113.2MiB / 3.826GiB
redis,5.04%,9.539MiB / 3.826GiB
postgres,2.85%,42.51MiB / 3.826GiB
chatbot-db-1,0.00%,80.97MiB / 3.826GiB
[Happ,62.43%,113.2MiB / 3.826GiB[K
redis,5.04%,9.539MiB / 3.826GiB[K
postgres,2.85%,42.51MiB / 3.826GiB[K
chatbot-db-1,0.00%,80.97MiB / 3.826GiB[K
[K
[J[Happ,62.43%,113.2MiB / 3.826GiB
redis,5.04%,9.539MiB / 3.826GiB
postgres,2.85%,42.51MiB / 3.826GiB
chatbot-db-1,0.00%,80.97MiB / 3.826GiB
[Happ,62.43%,113.2MiB / 3.826GiB[K
redis,5.04%,9.539MiB / 3.826GiB[K
postgres,2.85%,42.51MiB / 3.826GiB[K
chatbot-db-1,0.00%,80.97MiB / 3.826GiB[K
[K
[J[Happ,62.86%,113.4MiB / 3.826GiB
redis,5.58%,9.527MiB / 3.826GiB
postgres,6.16%,42.53MiB / 3.826GiB
chatbot-db-1,26.57%,102.2MiB / 3.826GiB
[Happ,62.86%,113.4MiB / 3.826GiB[K
redis,5.58%,9.527MiB / 3.826GiB[K
postgres,6.16%,42.53MiB / 3.826GiB[K
chatbot-db-1,26.57%,102.2MiB / 3.826GiB[K
[K
[J[Happ,62.86%,113.4MiB / 3.826GiB
redis,5.58%,9.527MiB / 3.826GiB
postgres,6.16%,42.53MiB / 3.826GiB
chatbot-db-1,26.57%,102.2MiB / 3.826GiB
[Happ,62.86%,113.4MiB / 3.826GiB[K
redis,5.58%,9.527MiB / 3.826GiB[K
postgres,6.16%,42.53MiB / 3.826GiB[K
chatbot-db-1,26.57%,102.2MiB / 3.826GiB[K
[K
[J[Happ,66.99%,113.2MiB / 3.826GiB
redis,5.36%,9.781MiB / 3.826GiB
postgres,3.18%,42.54MiB / 3.826GiB
chatbot-db-1,14.63%,80.96MiB / 3.826GiB
[Happ,66.99%,113.2MiB / 3.826GiB[K
redis,5.36%,9.781MiB / 3.826GiB[K
postgres,3.18%,42.54MiB / 3.826GiB[K
chatbot-db-1,14.63%,80.96MiB / 3.826GiB[K
[K
[J[Happ,66.99%,113.2MiB / 3.826GiB
redis,5.36%,9.781MiB / 3.826GiB
postgres,3.18%,42.54MiB / 3.826GiB
chatbot-db-1,14.63%,80.96MiB / 3.826GiB
[Happ,66.99%,113.2MiB / 3.826GiB[K
redis,5.36%,9.781MiB / 3.826GiB[K
postgres,3.18%,42.54MiB / 3.826GiB[K
chatbot-db-1,14.63%,80.96MiB / 3.826GiB[K
[K
[J[Happ,58.57%,113.7MiB / 3.826GiB
redis,4.80%,9.531MiB / 3.826GiB
postgres,2.36%,42.52MiB / 3.826GiB
chatbot-db-1,0.00%,80.96MiB / 3.826GiB
[Happ,58.57%,113.7MiB / 3.826GiB[K
redis,4.80%,9.531MiB / 3.826GiB[K
postgres,2.36%,42.52MiB / 3.826GiB[K
chatbot-db-1,0.00%,80.96MiB / 3.826GiB[K
[K
[J[Happ,58.57%,113.7MiB / 3.826GiB
redis,4.80%,9.531MiB / 3.826GiB
postgres,2.36%,42.52MiB / 3.826GiB
chatbot-db-1,0.00%,80.96MiB / 3.826GiB
[Happ,58.57%,113.7MiB / 3.826GiB[K
redis,4.80%,9.531MiB / 3.826GiB[K
postgres,2.36%,42.52MiB / 3.826GiB[K
chatbot-db-1,0.00%,80.96MiB / 3.826GiB[K
[K
[J[Happ,64.36%,113.5MiB / 3.826GiB
redis,5.18%,9.789MiB / 3.826GiB
postgres,3.22%,42.54MiB / 3.826GiB
chatbot-db-1,0.00%,80.96MiB / 3.826GiB
[Happ,64.36%,113.5MiB / 3.826GiB[K
redis,5.18%,9.789MiB / 3.826GiB[K
postgres,3.22%,42.54MiB / 3.826GiB[K
chatbot-db-1,0.00%,80.96MiB / 3.826GiB[K
[K
[J[Happ,64.36%,113.5MiB / 3.826GiB
redis,5.18%,9.789MiB / 3.826GiB
postgres,3.22%,42.54MiB / 3.826GiB
chatbot-db-1,0.00%,80.96MiB / 3.826GiB
[Happ,64.36%,113.5MiB / 3.826GiB[K
redis,5.18%,9.789MiB / 3.826GiB[K
postgres,3.22%,42.54MiB / 3.826GiB[K
chatbot-db-1,0.00%,80.96MiB / 3.826GiB[K
[K
[J[Happ,59.31%,113.7MiB / 3.826GiB
redis,4.88%,9.543MiB / 3.826GiB
postgres,3.28%,42.55MiB / 3.826GiB
chatbot-db-1,0.00%,80.96MiB / 3.826GiB
[Happ,59.31%,113.7MiB / 3.826GiB[K
redis,4.88%,9.543MiB / 3.826GiB[K
postgres,3.28%,42.55MiB / 3.826GiB[K
chatbot-db-1,0.00%,80.96MiB / 3.826GiB[K
[K
[J[Happ,59.31%,113.7MiB / 3.826GiB
redis,4.88%,9.543MiB / 3.826GiB
postgres,3.28%,42.55MiB / 3.826GiB
chatbot-db-1,0.00%,80.96MiB / 3.826GiB
[Happ,59.31%,113.7MiB / 3.826GiB[K
redis,4.88%,9.543MiB / 3.826GiB[K
postgres,3.28%,42.55MiB / 3.826GiB[K
chatbot-db-1,0.00%,80.96MiB / 3.826GiB[K
[K
[J[Happ,63.39%,113.4MiB / 3.826GiB
redis,5.84%,9.527MiB / 3.826GiB
postgres,7.99%,42.55MiB / 3.826GiB
chatbot-db-1,0.15%,80.96MiB / 3.826GiB
[Happ,63.39%,113.4MiB / 3.826GiB[K
redis,5.84%,9.527MiB / 3.826GiB[K
postgres,7.99%,42.55MiB / 3.826GiB[K
chatbot-db-1,0.15%,80.96MiB / 3.826GiB[K
[K
[J[Happ,63.39%,113.4MiB / 3.826GiB
redis,5.84%,9.527MiB / 3.826GiB
postgres,7.99%,42.55MiB / 3.826GiB
chatbot-db-1,0.15%,80.96MiB / 3.826GiB
[Happ,63.39%,113.4MiB / 3.826GiB[K
redis,5.84%,9.527MiB / 3.826GiB[K
postgres,7.99%,42.55MiB / 3.826GiB[K
chatbot-db-1,0.15%,80.96MiB / 3.826GiB[K
[K
[J[Happ,59.78%,113.4MiB / 3.826GiB
redis,5.01%,9.547MiB / 3.826GiB
postgres,2.58%,42.54MiB / 3.826GiB
chatbot-db-1,0.02%,80.96MiB / 3.826GiB
[Happ,59.78%,113.4MiB / 3.826GiB[K
redis,5.01%,9.547MiB / 3.826GiB[K
postgres,2.58%,42.54MiB / 3.826GiB[K
chatbot-db-1,0.02%,80.96MiB / 3.826GiB[K
[K
[J[Happ,59.78%,113.4MiB / 3.826GiB
redis,5.01%,9.547MiB / 3.826GiB
postgres,2.58%,42.54MiB / 3.826GiB
chatbot-db-1,0.02%,80.96MiB / 3.826GiB
[Happ,59.78%,113.4MiB / 3.826GiB[K
redis,5.01%,9.547MiB / 3.826GiB[K
postgres,2.58%,42.54MiB / 3.826GiB[K
chatbot-db-1,0.02%,80.96MiB / 3.826GiB[K
[K
[J[Happ,65.88%,113.2MiB / 3.826GiB
redis,5.10%,9.547MiB / 3.826GiB
postgres,3.48%,42.54MiB / 3.826GiB
chatbot-db-1,0.00%,80.96MiB / 3.826GiB
[Happ,65.88%,113.2MiB / 3.826GiB[K
redis,5.10%,9.547MiB / 3.826GiB[K
postgres,3.48%,42.54MiB / 3.826GiB[K
chatbot-db-1,0.00%,80.96MiB / 3.826GiB[K
[K
[J[Happ,65.88%,113.2MiB / 3.826GiB
redis,5.10%,9.547MiB / 3.826GiB
postgres,3.48%,42.54MiB / 3.826GiB
chatbot-db-1,0.00%,80.96MiB / 3.826GiB
[Happ,65.88%,113.2MiB / 3.826GiB[K
redis,5.10%,9.547MiB / 3.826GiB[K
postgres,3.48%,42.54MiB / 3.826GiB[K
chatbot-db-1,0.00%,80.96MiB / 3.826GiB[K
[K
[J[Happ,56.65%,113.2MiB / 3.826GiB
redis,5.15%,9.531MiB / 3.826GiB
postgres,2.88%,42.55MiB / 3.826GiB
chatbot-db-1,0.00%,80.96MiB / 3.826GiB
[Happ,56.65%,113.2MiB / 3.826GiB[K
redis,5.15%,9.531MiB / 3.826GiB[K
postgres,2.88%,42.55MiB / 3.826GiB[K
chatbot-db-1,0.00%,80.96MiB / 3.826GiB[K
[K
[J[Happ,56.65%,113.2MiB / 3.826GiB
redis,5.15%,9.531MiB / 3.826GiB
postgres,2.88%,42.55MiB / 3.826GiB
chatbot-db-1,0.00%,80.96MiB / 3.826GiB
[Happ,56.65%,113.2MiB / 3.826GiB[K
redis,5.15%,9.531MiB / 3.826GiB[K
postgres,2.88%,42.55MiB / 3.826GiB[K
chatbot-db-1,0.00%,80.96MiB / 3.826GiB[K
[K
[J[Happ,63.68%,113.4MiB / 3.826GiB
redis,4.65%,9.773MiB / 3.826GiB
postgres,3.14%,42.55MiB / 3.826GiB
chatbot-db-1,0.00%,80.96MiB / 3.826GiB
[Happ,63.68%,113.4MiB / 3.826GiB[K
redis,4.65%,9.773MiB / 3.826GiB[K
postgres,3.14%,42.55MiB / 3.826GiB[K
chatbot-db-1,0.00%,80.96MiB / 3.826GiB[K
[K
[J[Happ,63.68%,113.4MiB / 3.826GiB
redis,4.65%,9.773MiB / 3.826GiB
postgres,3.14%,42.55MiB / 3.826GiB
chatbot-db-1,0.00%,80.96MiB / 3.826GiB
[Happ,63.68%,113.4MiB / 3.826GiB[K
redis,4.65%,9.773MiB / 3.826GiB[K
postgres,3.14%,42.55MiB / 3.826GiB[K
chatbot-db-1,0.00%,80.96MiB / 3.826GiB[K
[K
[J[Happ,66.17%,113.3MiB / 3.826GiB
redis,5.91%,9.551MiB / 3.826GiB
postgres,6.04%,42.58MiB / 3.826GiB
chatbot-db-1,0.00%,80.96MiB / 3.826GiB
[Happ,66.17%,113.3MiB / 3.826GiB[K
redis,5.91%,9.551MiB / 3.826GiB[K
postgres,6.04%,42.58MiB / 3.826GiB[K
chatbot-db-1,0.00%,80.96MiB / 3.826GiB[K
[K
[J[Happ,66.17%,113.3MiB / 3.826GiB
redis,5.91%,9.551MiB / 3.826GiB
postgres,6.04%,42.58MiB / 3.826GiB
chatbot-db-1,0.00%,80.96MiB / 3.826GiB
[Happ,66.17%,113.3MiB / 3.826GiB[K
redis,5.91%,9.551MiB / 3.826GiB[K
postgres,6.04%,42.58MiB / 3.826GiB[K
chatbot-db-1,0.00%,80.96MiB / 3.826GiB[K
[K
[J[Happ,84.22%,113.2MiB / 3.826GiB
redis,6.64%,9.531MiB / 3.826GiB
postgres,4.07%,42.56MiB / 3.826GiB
chatbot-db-1,71.07%,80.97MiB / 3.826GiB
[Happ,84.22%,113.2MiB / 3.826GiB[K
redis,6.64%,9.531MiB / 3.826GiB[K
postgres,4.07%,42.56MiB / 3.826GiB[K
chatbot-db-1,71.07%,80.97MiB / 3.826GiB[K
[K
[J[Happ,84.22%,113.2MiB / 3.826GiB
redis,6.64%,9.531MiB / 3.826GiB
postgres,4.07%,42.56MiB / 3.826GiB
chatbot-db-1,71.07%,80.97MiB / 3.826GiB
[Happ,84.22%,113.2MiB / 3.826GiB[K
redis,6.64%,9.531MiB / 3.826GiB[K
postgres,4.07%,42.56MiB / 3.826GiB[K
chatbot-db-1,71.07%,80.97MiB / 3.826GiB[K
[K
[J[Happ,70.14%,113.4MiB / 3.826GiB
redis,4.94%,9.531MiB / 3.826GiB
postgres,4.07%,42.55MiB / 3.826GiB
chatbot-db-1,0.00%,80.96MiB / 3.826GiB
[Happ,70.14%,113.4MiB / 3.826GiB[K
redis,4.94%,9.531MiB / 3.826GiB[K
postgres,4.07%,42.55MiB / 3.826GiB[K
chatbot-db-1,0.00%,80.96MiB / 3.826GiB[K
[K
[J[Happ,70.14%,113.4MiB / 3.826GiB
redis,4.94%,9.531MiB / 3.826GiB
postgres,4.07%,42.55MiB / 3.826GiB
chatbot-db-1,0.00%,80.96MiB / 3.826GiB
[Happ,70.14%,113.4MiB / 3.826GiB[K
redis,4.94%,9.531MiB / 3.826GiB[K
postgres,4.07%,42.55MiB / 3.826GiB[K
chatbot-db-1,0.00%,80.96MiB / 3.826GiB[K
[K
[J[Happ,90.56%,115.9MiB / 3.826GiB
redis,4.25%,9.594MiB / 3.826GiB
postgres,15.10%,61.84MiB / 3.826GiB
chatbot-db-1,0.00%,80.96MiB / 3.826GiB
[Happ,90.56%,115.9MiB / 3.826GiB[K
redis,4.25%,9.594MiB / 3.826GiB[K
postgres,15.10%,61.84MiB / 3.826GiB[K
chatbot-db-1,0.00%,80.96MiB / 3.826GiB[K
[K
[J[Happ,90.56%,115.9MiB / 3.826GiB
redis,4.25%,9.594MiB / 3.826GiB
postgres,15.10%,61.84MiB / 3.826GiB
chatbot-db-1,0.00%,80.96MiB / 3.826GiB
[Happ,90.56%,115.9MiB / 3.826GiB[K
redis,4.25%,9.594MiB / 3.826GiB[K
postgres,15.10%,61.84MiB / 3.826GiB[K
chatbot-db-1,0.00%,80.96MiB / 3.826GiB[K
[K
[J[Happ,77.88%,115.4MiB / 3.826GiB
redis,5.71%,9.82MiB / 3.826GiB
postgres,6.27%,62.54MiB / 3.826GiB
chatbot-db-1,0.00%,80.96MiB / 3.826GiB
[Happ,77.88%,115.4MiB / 3.826GiB[K
redis,5.71%,9.82MiB / 3.826GiB[K
postgres,6.27%,62.54MiB / 3.826GiB[K
chatbot-db-1,0.00%,80.96MiB / 3.826GiB[K
[K
[J[Happ,77.88%,115.4MiB / 3.826GiB
redis,5.71%,9.82MiB / 3.826GiB
postgres,6.27%,62.54MiB / 3.826GiB
chatbot-db-1,0.00%,80.96MiB / 3.826GiB
[Happ,77.88%,115.4MiB / 3.826GiB[K
redis,5.71%,9.82MiB / 3.826GiB[K
postgres,6.27%,62.54MiB / 3.826GiB[K
chatbot-db-1,0.00%,80.96MiB / 3.826GiB[K
[K
[J[Happ,84.22%,116MiB / 3.826GiB
redis,7.26%,9.574MiB / 3.826GiB
postgres,10.62%,62.91MiB / 3.826GiB
chatbot-db-1,0.10%,80.96MiB / 3.826GiB
[Happ,84.22%,116MiB / 3.826GiB[K
redis,7.26%,9.574MiB / 3.826GiB[K
postgres,10.62%,62.91MiB / 3.826GiB[K
chatbot-db-1,0.10%,80.96MiB / 3.826GiB[K
[K
[J[Happ,84.22%,116MiB / 3.826GiB
redis,7.26%,9.574MiB / 3.826GiB
postgres,10.62%,62.91MiB / 3.826GiB
chatbot-db-1,0.10%,80.96MiB / 3.826GiB
[Happ,84.22%,116MiB / 3.826GiB[K
redis,7.26%,9.574MiB / 3.826GiB[K
postgres,10.62%,62.91MiB / 3.826GiB[K
chatbot-db-1,0.10%,80.96MiB / 3.826GiB[K
[K
[J[Happ,87.19%,116.3MiB / 3.826GiB
redis,6.63%,9.602MiB / 3.826GiB
postgres,6.28%,62.97MiB / 3.826GiB
chatbot-db-1,0.04%,80.96MiB / 3.826GiB
[Happ,87.19%,116.3MiB / 3.826GiB[K
redis,6.63%,9.602MiB / 3.826GiB[K
postgres,6.28%,62.97MiB / 3.826GiB[K
chatbot-db-1,0.04%,80.96MiB / 3.826GiB[K
[K
[J[Happ,87.19%,116.3MiB / 3.826GiB
redis,6.63%,9.602MiB / 3.826GiB
postgres,6.28%,62.97MiB / 3.826GiB
chatbot-db-1,0.04%,80.96MiB / 3.826GiB
[Happ,87.19%,116.3MiB / 3.826GiB[K
redis,6.63%,9.602MiB / 3.826GiB[K
postgres,6.28%,62.97MiB / 3.826GiB[K
chatbot-db-1,0.04%,80.96MiB / 3.826GiB[K
[K
[J[Happ,97.23%,116.6MiB / 3.826GiB
redis,6.49%,9.828MiB / 3.826GiB
postgres,5.30%,62.98MiB / 3.826GiB
chatbot-db-1,0.00%,80.96MiB / 3.826GiB
[Happ,97.23%,116.6MiB / 3.826GiB[K
redis,6.49%,9.828MiB / 3.826GiB[K
postgres,5.30%,62.98MiB / 3.826GiB[K
chatbot-db-1,0.00%,80.96MiB / 3.826GiB[K
[K
[J[Happ,97.23%,116.6MiB / 3.826GiB
redis,6.49%,9.828MiB / 3.826GiB
postgres,5.30%,62.98MiB / 3.826GiB
chatbot-db-1,0.00%,80.96MiB / 3.826GiB
[Happ,97.23%,116.6MiB / 3.826GiB[K
redis,6.49%,9.828MiB / 3.826GiB[K
postgres,5.30%,62.98MiB / 3.826GiB[K
chatbot-db-1,0.00%,80.96MiB / 3.826GiB[K
[K
[J[Happ,102.96%,119.5MiB / 3.826GiB
redis,5.47%,10.18MiB / 3.826GiB
postgres,4.73%,63.23MiB / 3.826GiB
chatbot-db-1,0.00%,80.96MiB / 3.826GiB
[Happ,102.96%,119.5MiB / 3.826GiB[K
redis,5.47%,10.18MiB / 3.826GiB[K
postgres,4.73%,63.23MiB / 3.826GiB[K
chatbot-db-1,0.00%,80.96MiB / 3.826GiB[K
[K
[J[Happ,102.96%,119.5MiB / 3.826GiB
redis,5.47%,10.18MiB / 3.826GiB
postgres,4.73%,63.23MiB / 3.826GiB
chatbot-db-1,0.00%,80.96MiB / 3.826GiB
[Happ,102.96%,119.5MiB / 3.826GiB[K
redis,5.47%,10.18MiB / 3.826GiB[K
postgres,4.73%,63.23MiB / 3.826GiB[K
chatbot-db-1,0.00%,80.96MiB / 3.826GiB[K
[K
[J[Happ,101.89%,120.6MiB / 3.826GiB
redis,4.85%,10.2MiB / 3.826GiB
postgres,4.49%,62.97MiB / 3.826GiB
chatbot-db-1,0.00%,80.96MiB / 3.826GiB
[Happ,101.89%,120.6MiB / 3.826GiB[K
redis,4.85%,10.2MiB / 3.826GiB[K
postgres,4.49%,62.97MiB / 3.826GiB[K
chatbot-db-1,0.00%,80.96MiB / 3.826GiB[K
[K
[J[Happ,101.89%,120.6MiB / 3.826GiB
redis,4.85%,10.2MiB / 3.826GiB
postgres,4.49%,62.97MiB / 3.826GiB
chatbot-db-1,0.00%,80.96MiB / 3.826GiB
[Happ,101.89%,120.6MiB / 3.826GiB[K
redis,4.85%,10.2MiB / 3.826GiB[K
postgres,4.49%,62.97MiB / 3.826GiB[K
chatbot-db-1,0.00%,80.96MiB / 3.826GiB[K
[K
[J[Happ,116.29%,121.6MiB / 3.826GiB
redis,6.08%,10.5MiB / 3.826GiB
postgres,8.70%,63.03MiB / 3.826GiB
chatbot-db-1,0.00%,80.96MiB / 3.826GiB
[Happ,116.29%,121.6MiB / 3.826GiB[K
redis,6.08%,10.5MiB / 3.826GiB[K
postgres,8.70%,63.03MiB / 3.826GiB[K
chatbot-db-1,0.00%,80.96MiB / 3.826GiB[K
[K
[J[Happ,116.29%,121.6MiB / 3.826GiB
redis,6.08%,10.5MiB / 3.826GiB
postgres,8.70%,63.03MiB / 3.826GiB
chatbot-db-1,0.00%,80.96MiB / 3.826GiB
[Happ,116.29%,121.6MiB / 3.826GiB[K
redis,6.08%,10.5MiB / 3.826GiB[K
postgres,8.70%,63.03MiB / 3.826GiB[K
chatbot-db-1,0.00%,80.96MiB / 3.826GiB[K
[K
[J[Happ,116.71%,124.4MiB / 3.826GiB
redis,3.47%,10.97MiB / 3.826GiB
postgres,5.48%,63.04MiB / 3.826GiB
chatbot-db-1,46.01%,87.51MiB / 3.826GiB
[Happ,116.71%,124.4MiB / 3.826GiB[K
redis,3.47%,10.97MiB / 3.826GiB[K
postgres,5.48%,63.04MiB / 3.826GiB[K
chatbot-db-1,46.01%,87.51MiB / 3.826GiB[K
[K
[J[Happ,116.71%,124.4MiB / 3.826GiB
redis,3.47%,10.97MiB / 3.826GiB
postgres,5.48%,63.04MiB / 3.826GiB
chatbot-db-1,46.01%,87.51MiB / 3.826GiB
[Happ,116.71%,124.4MiB / 3.826GiB[K
redis,3.47%,10.97MiB / 3.826GiB[K
postgres,5.48%,63.04MiB / 3.826GiB[K
chatbot-db-1,46.01%,87.51MiB / 3.826GiB[K
[K
[J[Happ,119.58%,125.8MiB / 3.826GiB
redis,5.97%,11.21MiB / 3.826GiB
postgres,7.52%,63MiB / 3.826GiB
chatbot-db-1,5.75%,80.97MiB / 3.826GiB
[Happ,119.58%,125.8MiB / 3.826GiB[K
redis,5.97%,11.21MiB / 3.826GiB[K
postgres,7.52%,63MiB / 3.826GiB[K
chatbot-db-1,5.75%,80.97MiB / 3.826GiB[K
[K
[J[Happ,119.58%,125.8MiB / 3.826GiB
redis,5.97%,11.21MiB / 3.826GiB
postgres,7.52%,63MiB / 3.826GiB
chatbot-db-1,5.75%,80.97MiB / 3.826GiB
[Happ,119.58%,125.8MiB / 3.826GiB[K
redis,5.97%,11.21MiB / 3.826GiB[K
postgres,7.52%,63MiB / 3.826GiB[K
chatbot-db-1,5.75%,80.97MiB / 3.826GiB[K
[K
[J[Happ,114.18%,126.1MiB / 3.826GiB
redis,4.46%,11.33MiB / 3.826GiB
postgres,6.71%,64.43MiB / 3.826GiB
chatbot-db-1,0.00%,80.97MiB / 3.826GiB
[Happ,114.18%,126.1MiB / 3.826GiB[K
redis,4.46%,11.33MiB / 3.826GiB[K
postgres,6.71%,64.43MiB / 3.826GiB[K
chatbot-db-1,0.00%,80.97MiB / 3.826GiB[K
[K
[J[Happ,114.18%,126.1MiB / 3.826GiB
redis,4.46%,11.33MiB / 3.826GiB
postgres,6.71%,64.43MiB / 3.826GiB
chatbot-db-1,0.00%,80.97MiB / 3.826GiB
[Happ,114.18%,126.1MiB / 3.826GiB[K
redis,4.46%,11.33MiB / 3.826GiB[K
postgres,6.71%,64.43MiB / 3.826GiB[K
chatbot-db-1,0.00%,80.97MiB / 3.826GiB[K
[K
[J[Happ,115.84%,126.1MiB / 3.826GiB
redis,4.14%,11.47MiB / 3.826GiB
postgres,5.69%,62.89MiB / 3.826GiB
chatbot-db-1,0.00%,80.96MiB / 3.826GiB
[Happ,115.84%,126.1MiB / 3.826GiB[K
redis,4.14%,11.47MiB / 3.826GiB[K
postgres,5.69%,62.89MiB / 3.826GiB[K
chatbot-db-1,0.00%,80.96MiB / 3.826GiB[K
[K
[J[Happ,115.84%,126.1MiB / 3.826GiB
redis,4.14%,11.47MiB / 3.826GiB
postgres,5.69%,62.89MiB / 3.826GiB
chatbot-db-1,0.00%,80.96MiB / 3.826GiB
[Happ,115.84%,126.1MiB / 3.826GiB[K
redis,4.14%,11.47MiB / 3.826GiB[K
postgres,5.69%,62.89MiB / 3.826GiB[K
chatbot-db-1,0.00%,80.96MiB / 3.826GiB[K
[K
[J[Happ,117.05%,125.9MiB / 3.826GiB
redis,4.95%,11.25MiB / 3.826GiB
postgres,11.67%,62.98MiB / 3.826GiB
chatbot-db-1,0.12%,80.96MiB / 3.826GiB
[Happ,117.05%,125.9MiB / 3.826GiB[K
redis,4.95%,11.25MiB / 3.826GiB[K
postgres,11.67%,62.98MiB / 3.826GiB[K
chatbot-db-1,0.12%,80.96MiB / 3.826GiB[K
[K
[J[Happ,117.05%,125.9MiB / 3.826GiB
redis,4.95%,11.25MiB / 3.826GiB
postgres,11.67%,62.98MiB / 3.826GiB
chatbot-db-1,0.12%,80.96MiB / 3.826GiB
[Happ,117.05%,125.9MiB / 3.826GiB[K
redis,4.95%,11.25MiB / 3.826GiB[K
postgres,11.67%,62.98MiB / 3.826GiB[K
chatbot-db-1,0.12%,80.96MiB / 3.826GiB[K
[K
[J[Happ,114.19%,126.1MiB / 3.826GiB
redis,5.69%,11.24MiB / 3.826GiB
postgres,5.26%,66.59MiB / 3.826GiB
chatbot-db-1,0.04%,80.96MiB / 3.826GiB
[Happ,114.19%,126.1MiB / 3.826GiB[K
redis,5.69%,11.24MiB / 3.826GiB[K
postgres,5.26%,66.59MiB / 3.826GiB[K
chatbot-db-1,0.04%,80.96MiB / 3.826GiB[K
[K
[J[Happ,114.19%,126.1MiB / 3.826GiB
redis,5.69%,11.24MiB / 3.826GiB
postgres,5.26%,66.59MiB / 3.826GiB
chatbot-db-1,0.04%,80.96MiB / 3.826GiB
[Happ,114.19%,126.1MiB / 3.826GiB[K
redis,5.69%,11.24MiB / 3.826GiB[K
postgres,5.26%,66.59MiB / 3.826GiB[K
chatbot-db-1,0.04%,80.96MiB / 3.826GiB[K
[K
[J[Happ,115.67%,129.7MiB / 3.826GiB
redis,4.07%,11.97MiB / 3.826GiB
postgres,13.71%,61.93MiB / 3.826GiB
chatbot-db-1,0.00%,80.96MiB / 3.826GiB
[Happ,115.67%,129.7MiB / 3.826GiB[K
redis,4.07%,11.97MiB / 3.826GiB[K
postgres,13.71%,61.93MiB / 3.826GiB[K
chatbot-db-1,0.00%,80.96MiB / 3.826GiB[K
[K
[J[Happ,115.67%,129.7MiB / 3.826GiB
redis,4.07%,11.97MiB / 3.826GiB
postgres,13.71%,61.93MiB / 3.826GiB
chatbot-db-1,0.00%,80.96MiB / 3.826GiB
[Happ,115.67%,129.7MiB / 3.826GiB[K
redis,4.07%,11.97MiB / 3.826GiB[K
postgres,13.71%,61.93MiB / 3.826GiB[K
chatbot-db-1,0.00%,80.96MiB / 3.826GiB[K
[K
[J[Happ,116.44%,129.2MiB / 3.826GiB
redis,4.76%,11.86MiB / 3.826GiB
postgres,9.16%,62.41MiB / 3.826GiB
chatbot-db-1,0.00%,80.96MiB / 3.826GiB
[Happ,116.44%,129.2MiB / 3.826GiB[K
redis,4.76%,11.86MiB / 3.826GiB[K
postgres,9.16%,62.41MiB / 3.826GiB[K
chatbot-db-1,0.00%,80.96MiB / 3.826GiB[K
[K
[J[Happ,116.44%,129.2MiB / 3.826GiB
redis,4.76%,11.86MiB / 3.826GiB
postgres,9.16%,62.41MiB / 3.826GiB
chatbot-db-1,0.00%,80.96MiB / 3.826GiB
[Happ,116.44%,129.2MiB / 3.826GiB[K
redis,4.76%,11.86MiB / 3.826GiB[K
postgres,9.16%,62.41MiB / 3.826GiB[K
chatbot-db-1,0.00%,80.96MiB / 3.826GiB[K
[K
[J[Happ,112.25%,130MiB / 3.826GiB
redis,4.28%,11.88MiB / 3.826GiB
postgres,4.58%,62.26MiB / 3.826GiB
chatbot-db-1,0.00%,80.96MiB / 3.826GiB
[Happ,112.25%,130MiB / 3.826GiB[K
redis,4.28%,11.88MiB / 3.826GiB[K
postgres,4.58%,62.26MiB / 3.826GiB[K
chatbot-db-1,0.00%,80.96MiB / 3.826GiB[K
[K
[J[Happ,112.25%,130MiB / 3.826GiB
redis,4.28%,11.88MiB / 3.826GiB
postgres,4.58%,62.26MiB / 3.826GiB
chatbot-db-1,0.00%,80.96MiB / 3.826GiB
[Happ,112.25%,130MiB / 3.826GiB[K
redis,4.28%,11.88MiB / 3.826GiB[K
postgres,4.58%,62.26MiB / 3.826GiB[K
chatbot-db-1,0.00%,80.96MiB / 3.826GiB[K
[K
[J[Happ,116.11%,133.1MiB / 3.826GiB
redis,3.70%,12.78MiB / 3.826GiB
postgres,14.29%,78.25MiB / 3.826GiB
chatbot-db-1,0.00%,80.96MiB / 3.826GiB
[Happ,116.11%,133.1MiB / 3.826GiB[K
redis,3.70%,12.78MiB / 3.826GiB[K
postgres,14.29%,78.25MiB / 3.826GiB[K
chatbot-db-1,0.00%,80.96MiB / 3.826GiB[K
[K
[J[Happ,116.11%,133.1MiB / 3.826GiB
redis,3.70%,12.78MiB / 3.826GiB
postgres,14.29%,78.25MiB / 3.826GiB
chatbot-db-1,0.00%,80.96MiB / 3.826GiB
[Happ,116.11%,133.1MiB / 3.826GiB[K
redis,3.70%,12.78MiB / 3.826GiB[K
postgres,14.29%,78.25MiB / 3.826GiB[K
chatbot-db-1,0.00%,80.96MiB / 3.826GiB[K
[K
[J[Happ,116.86%,133.3MiB / 3.826GiB
redis,5.21%,12.82MiB / 3.826GiB
postgres,12.07%,61.68MiB / 3.826GiB
chatbot-db-1,12.27%,94.26MiB / 3.826GiB
[Happ,116.86%,133.3MiB / 3.826GiB[K
redis,5.21%,12.82MiB / 3.826GiB[K
postgres,12.07%,61.68MiB / 3.826GiB[K
chatbot-db-1,12.27%,94.26MiB / 3.826GiB[K
[K
[J[Happ,116.86%,133.3MiB / 3.826GiB
redis,5.21%,12.82MiB / 3.826GiB
postgres,12.07%,61.68MiB / 3.826GiB
chatbot-db-1,12.27%,94.26MiB / 3.826GiB
[Happ,116.86%,133.3MiB / 3.826GiB[K
redis,5.21%,12.82MiB / 3.826GiB[K
postgres,12.07%,61.68MiB / 3.826GiB[K
chatbot-db-1,12.27%,94.26MiB / 3.826GiB[K
[K
[J[Happ,114.40%,133.6MiB / 3.826GiB
redis,3.40%,12.89MiB / 3.826GiB
postgres,13.15%,78.16MiB / 3.826GiB
chatbot-db-1,39.42%,80.96MiB / 3.826GiB
[Happ,114.40%,133.6MiB / 3.826GiB[K
redis,3.40%,12.89MiB / 3.826GiB[K
postgres,13.15%,78.16MiB / 3.826GiB[K
chatbot-db-1,39.42%,80.96MiB / 3.826GiB[K
[K
[J[Happ,114.40%,133.6MiB / 3.826GiB
redis,3.40%,12.89MiB / 3.826GiB
postgres,13.15%,78.16MiB / 3.826GiB
chatbot-db-1,39.42%,80.96MiB / 3.826GiB
[Happ,114.40%,133.6MiB / 3.826GiB[K
redis,3.40%,12.89MiB / 3.826GiB[K
postgres,13.15%,78.16MiB / 3.826GiB[K
chatbot-db-1,39.42%,80.96MiB / 3.826GiB[K
[K
[J[Happ,118.23%,133.2MiB / 3.826GiB
redis,5.70%,13.06MiB / 3.826GiB
postgres,11.29%,61.33MiB / 3.826GiB
chatbot-db-1,0.00%,80.96MiB / 3.826GiB
[Happ,118.23%,133.2MiB / 3.826GiB[K
redis,5.70%,13.06MiB / 3.826GiB[K
postgres,11.29%,61.33MiB / 3.826GiB[K
chatbot-db-1,0.00%,80.96MiB / 3.826GiB[K
[K
[J[Happ,118.23%,133.2MiB / 3.826GiB
redis,5.70%,13.06MiB / 3.826GiB
postgres,11.29%,61.33MiB / 3.826GiB
chatbot-db-1,0.00%,80.96MiB / 3.826GiB
[Happ,118.23%,133.2MiB / 3.826GiB[K
redis,5.70%,13.06MiB / 3.826GiB[K
postgres,11.29%,61.33MiB / 3.826GiB[K
chatbot-db-1,0.00%,80.96MiB / 3.826GiB[K
[K
[J[Happ,111.34%,133.6MiB / 3.826GiB
redis,4.66%,12.9MiB / 3.826GiB
postgres,7.25%,61.43MiB / 3.826GiB
chatbot-db-1,0.00%,80.96MiB / 3.826GiB
[Happ,111.34%,133.6MiB / 3.826GiB[K
redis,4.66%,12.9MiB / 3.826GiB[K
postgres,7.25%,61.43MiB / 3.826GiB[K
chatbot-db-1,0.00%,80.96MiB / 3.826GiB[K
[K
[J[Happ,111.34%,133.6MiB / 3.826GiB
redis,4.66%,12.9MiB / 3.826GiB
postgres,7.25%,61.43MiB / 3.826GiB
chatbot-db-1,0.00%,80.96MiB / 3.826GiB
[Happ,111.34%,133.6MiB / 3.826GiB[K
redis,4.66%,12.9MiB / 3.826GiB[K
postgres,7.25%,61.43MiB / 3.826GiB[K
chatbot-db-1,0.00%,80.96MiB / 3.826GiB[K
[K
[J[Happ,117.97%,133.2MiB / 3.826GiB
redis,5.16%,12.89MiB / 3.826GiB
postgres,9.90%,61.46MiB / 3.826GiB
chatbot-db-1,0.18%,80.96MiB / 3.826GiB
[Happ,117.97%,133.2MiB / 3.826GiB[K
redis,5.16%,12.89MiB / 3.826GiB[K
postgres,9.90%,61.46MiB / 3.826GiB[K
chatbot-db-1,0.18%,80.96MiB / 3.826GiB[K
[K
[J[Happ,117.97%,133.2MiB / 3.826GiB
redis,5.16%,12.89MiB / 3.826GiB
postgres,9.90%,61.46MiB / 3.826GiB
chatbot-db-1,0.18%,80.96MiB / 3.826GiB
[Happ,117.97%,133.2MiB / 3.826GiB[K
redis,5.16%,12.89MiB / 3.826GiB[K
postgres,9.90%,61.46MiB / 3.826GiB[K
chatbot-db-1,0.18%,80.96MiB / 3.826GiB[K
[K
[J[Happ,114.55%,133.9MiB / 3.826GiB
redis,3.81%,13.03MiB / 3.826GiB
postgres,5.65%,61.5MiB / 3.826GiB
chatbot-db-1,0.04%,80.96MiB / 3.826GiB
[Happ,114.55%,133.9MiB / 3.826GiB[K
redis,3.81%,13.03MiB / 3.826GiB[K
postgres,5.65%,61.5MiB / 3.826GiB[K
chatbot-db-1,0.04%,80.96MiB / 3.826GiB[K
[K
[J[Happ,114.55%,133.9MiB / 3.826GiB
redis,3.81%,13.03MiB / 3.826GiB
postgres,5.65%,61.5MiB / 3.826GiB
chatbot-db-1,0.04%,80.96MiB / 3.826GiB
[Happ,114.55%,133.9MiB / 3.826GiB[K
redis,3.81%,13.03MiB / 3.826GiB[K
postgres,5.65%,61.5MiB / 3.826GiB[K
chatbot-db-1,0.04%,80.96MiB / 3.826GiB[K
[K
[J[Happ,115.07%,133.2MiB / 3.826GiB
redis,3.81%,13.03MiB / 3.826GiB
postgres,7.09%,61.53MiB / 3.826GiB
chatbot-db-1,0.04%,80.96MiB / 3.826GiB
[Happ,115.07%,133.2MiB / 3.826GiB[K
redis,3.81%,13.03MiB / 3.826GiB[K
postgres,7.09%,61.53MiB / 3.826GiB[K
chatbot-db-1,0.04%,80.96MiB / 3.826GiB[K
[K
[J[Happ,115.07%,133.2MiB / 3.826GiB
redis,6.41%,12.95MiB / 3.826GiB
postgres,7.09%,61.53MiB / 3.826GiB
chatbot-db-1,0.00%,80.96MiB / 3.826GiB
[Happ,115.07%,133.2MiB / 3.826GiB[K
redis,6.41%,12.95MiB / 3.826GiB[K
postgres,7.09%,61.53MiB / 3.826GiB[K
chatbot-db-1,0.00%,80.96MiB / 3.826GiB[K
[K
[J[Happ,115.07%,133.2MiB / 3.826GiB
redis,6.41%,12.95MiB / 3.826GiB
postgres,7.09%,61.53MiB / 3.826GiB
chatbot-db-1,0.00%,80.96MiB / 3.826GiB
[Happ,115.07%,133.2MiB / 3.826GiB[K
redis,6.41%,12.95MiB / 3.826GiB[K
postgres,7.09%,61.53MiB / 3.826GiB[K
chatbot-db-1,0.00%,80.96MiB / 3.826GiB[K
[K
[J[Happ,115.54%,133MiB / 3.826GiB
redis,4.64%,12.78MiB / 3.826GiB
postgres,5.51%,61.51MiB / 3.826GiB
chatbot-db-1,0.00%,80.96MiB / 3.826GiB
[Happ,115.54%,133MiB / 3.826GiB[K
redis,4.64%,12.78MiB / 3.826GiB[K
postgres,5.51%,61.51MiB / 3.826GiB[K
chatbot-db-1,0.00%,80.96MiB / 3.826GiB[K
[K
[J[Happ,115.54%,133MiB / 3.826GiB
redis,4.64%,12.78MiB / 3.826GiB
postgres,5.51%,61.51MiB / 3.826GiB
chatbot-db-1,0.00%,80.96MiB / 3.826GiB
[Happ,115.54%,133MiB / 3.826GiB[K
redis,4.64%,12.78MiB / 3.826GiB[K
postgres,5.51%,61.51MiB / 3.826GiB[K
chatbot-db-1,0.00%,80.96MiB / 3.826GiB[K
[K
[J[Happ,113.99%,133.4MiB / 3.826GiB
redis,5.23%,12.68MiB / 3.826GiB
postgres,6.98%,61.48MiB / 3.826GiB
chatbot-db-1,0.00%,80.96MiB / 3.826GiB
[Happ,113.99%,133.4MiB / 3.826GiB[K
redis,5.23%,12.68MiB / 3.826GiB[K
postgres,6.98%,61.48MiB / 3.826GiB[K
chatbot-db-1,0.00%,80.96MiB / 3.826GiB[K
[K
[J[Happ,113.99%,133.4MiB / 3.826GiB
redis,5.23%,12.68MiB / 3.826GiB
postgres,6.98%,61.48MiB / 3.826GiB
chatbot-db-1,0.00%,80.96MiB / 3.826GiB
[Happ,113.99%,133.4MiB / 3.826GiB[K
redis,5.23%,12.68MiB / 3.826GiB[K
postgres,6.98%,61.48MiB / 3.826GiB[K
chatbot-db-1,0.00%,80.96MiB / 3.826GiB[K
[K
[J[Happ,121.28%,133.3MiB / 3.826GiB
redis,7.41%,12.72MiB / 3.826GiB
postgres,15.50%,61.57MiB / 3.826GiB
chatbot-db-1,0.06%,80.96MiB / 3.826GiB
[Happ,121.28%,133.3MiB / 3.826GiB[K
redis,7.41%,12.72MiB / 3.826GiB[K
postgres,15.50%,61.57MiB / 3.826GiB[K
chatbot-db-1,0.06%,80.96MiB / 3.826GiB[K
[K
[J[Happ,121.28%,133.3MiB / 3.826GiB
redis,7.41%,12.72MiB / 3.826GiB
postgres,15.50%,61.57MiB / 3.826GiB
chatbot-db-1,0.06%,80.96MiB / 3.826GiB
[Happ,121.28%,133.3MiB / 3.826GiB[K
redis,7.41%,12.72MiB / 3.826GiB[K
postgres,15.50%,61.57MiB / 3.826GiB[K
chatbot-db-1,0.06%,80.96MiB / 3.826GiB[K
[K
[J[Happ,116.06%,133MiB / 3.826GiB
redis,6.14%,12.71MiB / 3.826GiB
postgres,6.44%,61.8MiB / 3.826GiB
chatbot-db-1,0.00%,80.96MiB / 3.826GiB
[Happ,116.06%,133MiB / 3.826GiB[K
redis,6.14%,12.71MiB / 3.826GiB[K
postgres,6.44%,61.8MiB / 3.826GiB[K
chatbot-db-1,0.00%,80.96MiB / 3.826GiB[K
[K
[J[Happ,116.06%,133MiB / 3.826GiB
redis,6.14%,12.71MiB / 3.826GiB
postgres,6.44%,61.8MiB / 3.826GiB
chatbot-db-1,0.00%,80.96MiB / 3.826GiB
[Happ,116.06%,133MiB / 3.826GiB[K
redis,6.14%,12.71MiB / 3.826GiB[K
postgres,6.44%,61.8MiB / 3.826GiB[K
chatbot-db-1,0.00%,80.96MiB / 3.826GiB[K
[K
[J[Happ,112.99%,133.4MiB / 3.826GiB
redis,3.43%,12.68MiB / 3.826GiB
postgres,12.51%,75.17MiB / 3.826GiB
chatbot-db-1,43.01%,80.97MiB / 3.826GiB
[Happ,112.99%,133.4MiB / 3.826GiB[K
redis,3.43%,12.68MiB / 3.826GiB[K
postgres,12.51%,75.17MiB / 3.826GiB[K
chatbot-db-1,43.01%,80.97MiB / 3.826GiB[K
[K
[J[Happ,112.99%,133.4MiB / 3.826GiB
redis,3.43%,12.68MiB / 3.826GiB
postgres,12.51%,75.17MiB / 3.826GiB
chatbot-db-1,43.01%,80.97MiB / 3.826GiB
[Happ,112.99%,133.4MiB / 3.826GiB[K
redis,3.43%,12.68MiB / 3.826GiB[K
postgres,12.51%,75.17MiB / 3.826GiB[K
chatbot-db-1,43.01%,80.97MiB / 3.826GiB[K
[K
[J[Happ,21.34%,131.7MiB / 3.826GiB
redis,0.81%,12.62MiB / 3.826GiB
postgres,5.49%,61.27MiB / 3.826GiB
chatbot-db-1,0.00%,80.96MiB / 3.826GiB
[Happ,21.34%,131.7MiB / 3.826GiB[K
redis,0.81%,12.62MiB / 3.826GiB[K
postgres,5.49%,61.27MiB / 3.826GiB[K
chatbot-db-1,0.00%,80.96MiB / 3.826GiB[K
[K
[J[Happ,21.34%,131.7MiB / 3.826GiB
redis,0.81%,12.62MiB / 3.826GiB
postgres,5.49%,61.27MiB / 3.826GiB
chatbot-db-1,0.00%,80.96MiB / 3.826GiB
[Happ,21.34%,131.7MiB / 3.826GiB[K
redis,0.81%,12.62MiB / 3.826GiB[K
postgres,5.49%,61.27MiB / 3.826GiB[K
chatbot-db-1,0.00%,80.96MiB / 3.826GiB[K
[K
[J[Happ,0.63%,131.7MiB / 3.826GiB
redis,0.45%,12.62MiB / 3.826GiB
postgres,0.03%,61.27MiB / 3.826GiB
chatbot-db-1,0.00%,80.96MiB / 3.826GiB
[Happ,0.63%,131.7MiB / 3.826GiB[K
redis,0.45%,12.62MiB / 3.826GiB[K
postgres,0.03%,61.27MiB / 3.826GiB[K
chatbot-db-1,0.00%,80.96MiB / 3.826GiB[K
[K
[J[Happ,0.63%,131.7MiB / 3.826GiB
redis,0.45%,12.62MiB / 3.826GiB
postgres,0.03%,61.27MiB / 3.826GiB
chatbot-db-1,0.00%,80.96MiB / 3.826GiB
[Happ,0.63%,131.7MiB / 3.826GiB[K
redis,0.45%,12.62MiB / 3.826GiB[K
postgres,0.03%,61.27MiB / 3.826GiB[K
chatbot-db-1,0.00%,80.96MiB / 3.826GiB[K
[K
[J[Happ,0.69%,131.8MiB / 3.826GiB
redis,1.59%,12.62MiB / 3.826GiB
postgres,3.91%,61.35MiB / 3.826GiB
chatbot-db-1,1.32%,80.96MiB / 3.826GiB
[Happ,0.69%,131.8MiB / 3.826GiB[K
redis,1.59%,12.62MiB / 3.826GiB[K
postgres,3.91%,61.35MiB / 3.826GiB[K
chatbot-db-1,1.32%,80.96MiB / 3.826GiB[K
[K
[J[Happ,0.69%,131.8MiB / 3.826GiB
redis,1.59%,12.62MiB / 3.826GiB
postgres,3.91%,61.35MiB / 3.826GiB
chatbot-db-1,1.32%,80.96MiB / 3.826GiB
[Happ,0.69%,131.8MiB / 3.826GiB[K
redis,1.59%,12.62MiB / 3.826GiB[K
postgres,3.91%,61.35MiB / 3.826GiB[K
chatbot-db-1,1.32%,80.96MiB / 3.826GiB[K
[K
[J[Happ,0.35%,131.7MiB / 3.826GiB
redis,0.28%,12.87MiB / 3.826GiB
postgres,0.08%,61.26MiB / 3.826GiB
chatbot-db-1,0.00%,80.96MiB / 3.826GiB
[Happ,0.35%,131.7MiB / 3.826GiB[K
redis,0.28%,12.87MiB / 3.826GiB[K
postgres,0.08%,61.26MiB / 3.826GiB[K
chatbot-db-1,0.00%,80.96MiB / 3.826GiB[K
[K
[J[Happ,0.35%,131.7MiB / 3.826GiB
redis,0.28%,12.87MiB / 3.826GiB
postgres,0.08%,61.26MiB / 3.826GiB
chatbot-db-1,0.00%,80.96MiB / 3.826GiB
[Happ,0.35%,131.7MiB / 3.826GiB[K
redis,0.28%,12.87MiB / 3.826GiB[K
postgres,0.08%,61.26MiB / 3.826GiB[K
chatbot-db-1,0.00%,80.96MiB / 3.826GiB[K
[K
[J[Happ,0.49%,131.7MiB / 3.826GiB
redis,0.33%,12.03MiB / 3.826GiB
postgres,0.07%,61.27MiB / 3.826GiB
chatbot-db-1,0.00%,80.96MiB / 3.826GiB
[Happ,0.49%,131.7MiB / 3.826GiB[K
redis,0.33%,12.03MiB / 3.826GiB[K
postgres,0.07%,61.27MiB / 3.826GiB[K
chatbot-db-1,0.00%,80.96MiB / 3.826GiB[K
[K
[J[Happ,0.49%,131.7MiB / 3.826GiB
redis,0.33%,12.03MiB / 3.826GiB
postgres,0.07%,61.27MiB / 3.826GiB
chatbot-db-1,0.00%,80.96MiB / 3.826GiB
[Happ,0.49%,131.7MiB / 3.826GiB[K
redis,0.33%,12.03MiB / 3.826GiB[K
postgres,0.07%,61.27MiB / 3.826GiB[K
chatbot-db-1,0.00%,80.96MiB / 3.826GiB[K
[K
[J[Happ,0.52%,131.7MiB / 3.826GiB
redis,0.35%,12.03MiB / 3.826GiB
postgres,0.05%,61.26MiB / 3.826GiB
chatbot-db-1,0.00%,80.96MiB / 3.826GiB
[Happ,0.52%,131.7MiB / 3.826GiB[K
redis,0.35%,12.03MiB / 3.826GiB[K
postgres,0.05%,61.26MiB / 3.826GiB[K
chatbot-db-1,0.00%,80.96MiB / 3.826GiB[K
[K
[J[Happ,0.52%,131.7MiB / 3.826GiB
redis,0.35%,12.03MiB / 3.826GiB
postgres,0.05%,61.26MiB / 3.826GiB
chatbot-db-1,0.00%,80.96MiB / 3.826GiB
[Happ,0.52%,131.7MiB / 3.826GiB[K
redis,0.35%,12.03MiB / 3.826GiB[K
postgres,0.05%,61.26MiB / 3.826GiB[K
chatbot-db-1,0.00%,80.96MiB / 3.826GiB[K
[K
[J[Happ,0.54%,131.7MiB / 3.826GiB
redis,0.28%,12.03MiB / 3.826GiB
postgres,0.12%,61.27MiB / 3.826GiB
chatbot-db-1,0.00%,80.96MiB / 3.826GiB
[Happ,0.54%,131.7MiB / 3.826GiB[K
redis,0.28%,12.03MiB / 3.826GiB[K
postgres,0.12%,61.27MiB / 3.826GiB[K
chatbot-db-1,0.00%,80.96MiB / 3.826GiB[K
[K
[J[Happ,0.54%,131.7MiB / 3.826GiB
redis,0.28%,12.03MiB / 3.826GiB
postgres,0.12%,61.27MiB / 3.826GiB
chatbot-db-1,0.00%,80.96MiB / 3.826GiB
[Happ,0.54%,131.7MiB / 3.826GiB[K
redis,0.28%,12.03MiB / 3.826GiB[K
postgres,0.12%,61.27MiB / 3.826GiB[K
chatbot-db-1,0.00%,80.96MiB / 3.826GiB[K
[K
[J[Happ,0.60%,131.7MiB / 3.826GiB
redis,0.81%,12.03MiB / 3.826GiB
postgres,2.46%,61.28MiB / 3.826GiB
chatbot-db-1,0.08%,80.96MiB / 3.826GiB
[Happ,0.60%,131.7MiB / 3.826GiB[K
redis,0.81%,12.03MiB / 3.826GiB[K
postgres,2.46%,61.28MiB / 3.826GiB[K
chatbot-db-1,0.08%,80.96MiB / 3.826GiB[K
[K
[J[Happ,0.60%,131.7MiB / 3.826GiB
redis,0.81%,12.03MiB / 3.826GiB
postgres,2.46%,61.28MiB / 3.826GiB
chatbot-db-1,0.08%,80.96MiB / 3.826GiB
[Happ,0.60%,131.7MiB / 3.826GiB[K
redis,0.81%,12.03MiB / 3.826GiB[K
postgres,2.46%,61.28MiB / 3.826GiB[K
chatbot-db-1,0.08%,80.96MiB / 3.826GiB[K
[K
[J[Happ,0.41%,131.7MiB / 3.826GiB
redis,0.24%,12.03MiB / 3.826GiB
postgres,0.07%,61.27MiB / 3.826GiB
chatbot-db-1,0.00%,80.96MiB / 3.826GiB
[Happ,0.41%,131.7MiB / 3.826GiB[K
redis,0.24%,12.03MiB / 3.826GiB[K
postgres,0.07%,61.27MiB / 3.826GiB[K
chatbot-db-1,0.00%,80.96MiB / 3.826GiB[K
[K
[J[Happ,0.41%,131.7MiB / 3.826GiB
redis,0.24%,12.03MiB / 3.826GiB
postgres,0.07%,61.27MiB / 3.826GiB
chatbot-db-1,0.00%,80.96MiB / 3.826GiB
[Happ,0.41%,131.7MiB / 3.826GiB[K
redis,0.24%,12.03MiB / 3.826GiB[K
postgres,0.07%,61.27MiB / 3.826GiB[K
chatbot-db-1,0.00%,80.96MiB / 3.826GiB[K
[K
[J[Happ,--,-- / --
redis,--,-- / --
postgres,--,-- / --
chatbot-db-1,--,-- / --
[Happ,--,-- / --[K
redis,--,-- / --[K
postgres,--,-- / --[K
chatbot-db-1,--,-- / --[K
[K
[Jcontext canceled
